{
  "hamiltonian": "H = -i sigma_x d/dx + sigma_z K(x)",
  "parameters": {
    "N": 1024,
    "dx": 0.006135923151542565,
    "L": 6.283185307179586
  },
  "control": {
    "lowest_10": [
      2.253189086331986e-05,
      4.64628501504194e-05,
      0.9999929666519165,
      0.999993622303009,
      0.999999463558197,
      1.0000079870224,
      1.999940276145935,
      1.999948501586914,
      1.99994957447052,
      1.9999533891677856
    ],
    "var_s": 2.9598894119262695,
    "mean_r": 0.18488377332687378,
    "frac_small": 0.7474747474747475,
    "stat_class": "POISSON (no repulsion, integrable)",
    "n_positive": 1024,
    "n_zero": 2
  },
  "vortex": {
    "K_value": 0.5,
    "K_region": "central 20%",
    "lowest_10": [
      0.09560883790254593,
      0.09658361226320267,
      0.9393001794815063,
      0.9403122067451477,
      1.0897908210754395,
      1.0907639265060425,
      1.9877794981002808,
      1.9888044595718384,
      2.0386805534362793,
      2.0396063327789307
    ],
    "var_s": 2.8261990547180176,
    "mean_r": 0.0706845223903656,
    "frac_small": 0.7373737373737373,
    "stat_class": "POISSON (no repulsion, integrable)",
    "n_positive": 1024,
    "n_zero": 0
  }
}