{
  "version": "3.0",
  "hamiltonian": "H = -i sigma_x d/dx + sigma_z K(x)",
  "parameters": {
    "N": 1024,
    "dx": 0.006135923151542565,
    "L": 6.283185307179586,
    "poly_deg": 5
  },
  "control": {
    "lowest_10": [
      2.253189086331986e-05,
      4.64628501504194e-05,
      0.9999929666519165,
      0.999993622303009,
      0.999999463558197,
      1.0000079870224,
      1.999940276145935,
      1.999948501586914,
      1.99994957447052,
      1.9999533891677856
    ],
    "resolved": {
      "var_s": 0.9465229511260986,
      "mean_r": 0.025845535099506378,
      "frac_small": 0.4845360824742268
    },
    "bulk": {
      "var_s": 0.9428596036517146,
      "mean_r": 0.022221054946574847,
      "frac_small": 0.4852941176470588,
      "range": [
        20,
        160
      ]
    }
  },
  "K=0.5": {
    "lowest_10": [
      0.09560883790254593,
      0.09658361226320267,
      0.9393001794815063,
      0.9403122067451477,
      1.0897908210754395,
      1.0907639265060425,
      1.9877794981002808,
      1.9888044595718384,
      2.0386805534362793,
      2.0396063327789307
    ],
    "resolved": {
      "var_s": 0.9722163677215576,
      "mean_r": 0.006306676659733057,
      "frac_small": 0.49246231155778897
    },
    "bulk": {
      "var_s": 0.9731753749419891,
      "mean_r": 0.0032531138132167693,
      "frac_small": 0.49640287769784175,
      "range": [
        20,
        160
      ]
    }
  },
  "K=2.0": {
    "lowest_10": [
      0.25276973843574524,
      0.2571970224380493,
      0.8833047747612,
      0.8877579569816589,
      1.3687758445739746,
      1.3730264902114868,
      2.0212724208831787,
      2.0256714820861816,
      2.378817319869995,
      2.3823225498199463
    ],
    "resolved": {
      "var_s": 0.9111162424087524,
      "mean_r": 0.028946544975042343,
      "frac_small": 0.4824120603015075
    },
    "bulk": {
      "var_s": 0.9358551370934435,
      "mean_r": 0.013257402500829787,
      "frac_small": 0.49640287769784175,
      "range": [
        20,
        160
      ]
    }
  },
  "K=5.0": {
    "lowest_10": [
      0.2940242886543274,
      0.3057440519332886,
      0.8965351581573486,
      0.9082648754119873,
      1.4953609704971313,
      1.507070779800415,
      2.096931219100952,
      2.1086223125457764,
      2.6921088695526123,
      2.703742742538452
    ],
    "resolved": {
      "var_s": 0.8151686191558838,
      "mean_r": 0.07508573681116104,
      "frac_small": 0.4623115577889447
    },
    "bulk": {
      "var_s": 0.8685990414096308,
      "mean_r": 0.03273912928226353,
      "frac_small": 0.49640287769784175,
      "range": [
        20,
        160
      ]
    }
  },
  "K=10.0": {
    "lowest_10": [
      0.2945152819156647,
      0.3184092342853546,
      0.9074180722236633,
      0.9313216805458069,
      1.5202046632766724,
      1.5441365242004395,
      2.1329309940338135,
      2.1568310260772705,
      2.7454206943511963,
      2.7693021297454834
    ],
    "resolved": {
      "var_s": 0.6853180527687073,
      "mean_r": 0.14410464465618134,
      "frac_small": 0.4271356783919598
    },
    "bulk": {
      "var_s": 0.7467091518941356,
      "mean_r": 0.0769453806597113,
      "frac_small": 0.460431654676259,
      "range": [
        20,
        160
      ]
    }
  },
  "K=20.0": {
    "lowest_10": [
      0.28542089462280273,
      0.3335355818271637,
      0.9043577313423157,
      0.9524672627449036,
      1.523274540901184,
      1.5713915824890137,
      2.1421680450439453,
      2.1902732849121094,
      2.7610042095184326,
      2.8091025352478027
    ],
    "resolved": {
      "var_s": 0.5029218792915344,
      "mean_r": 0.2702784538269043,
      "frac_small": 0.3417085427135678
    },
    "bulk": {
      "var_s": 0.5457273866629758,
      "mean_r": 0.22193632686121523,
      "frac_small": 0.35251798561151076,
      "range": [
        20,
        160
      ]
    }
  }
}