{
  "version": "4.1",
  "hamiltonian": "H = -i sigma_x d/dx + sigma_z K(x)",
  "parameters": {
    "N": 1024,
    "dx": 0.006135923151542565,
    "L": 6.283185307179586,
    "poly_deg": 5,
    "merge_threshold": 0.05
  },
  "Control": {
    "lowest_10": [
      2.253189086331986e-05,
      4.64628501504194e-05,
      0.9999929666519165,
      0.999993622303009,
      0.999999463558197,
      1.0000079870224,
      1.999940276145935,
      1.999948501586914,
      1.99994957447052,
      1.9999533891677856
    ],
    "n_resolved": 249,
    "var_s": 0.0020368803696018947,
    "mean_r": 0.9968283530170415,
    "frac_small": 0.0,
    "classification": "EQUIDISTANT"
  },
  "Step K=10": {
    "lowest_10": [
      0.2945152819156647,
      0.3184092342853546,
      0.9074180722236633,
      0.9313216805458069,
      1.5202046632766724,
      1.5441365242004395,
      2.1329309940338135,
      2.1568310260772705,
      2.7454206943511963,
      2.7693021297454834
    ],
    "n_resolved": 278,
    "var_s": 0.0824723180399262,
    "mean_r": 0.8721788621558768,
    "frac_small": 0.0673076923076923,
    "classification": "EQUIDISTANT"
  },
  "Multi-step": {
    "lowest_10": [
      0.7521656155586243,
      0.7521828413009644,
      1.341563105583191,
      1.450430154800415,
      2.255632162094116,
      2.255645275115967,
      3.75624942779541,
      3.7562785148620605,
      4.123097896575928,
      4.231101989746094
    ],
    "n_resolved": 309,
    "var_s": 0.1872699085207031,
    "mean_r": 0.6607707240989252,
    "frac_small": 0.1774891774891775,
    "classification": "GUE"
  },
  "Random K": {
    "lowest_10": [
      0.11844925582408905,
      0.11846607178449631,
      1.0020490884780884,
      1.0020546913146973,
      1.7750849723815918,
      1.7750880718231201,
      4.082427978515625,
      4.082477569580078,
      4.189853668212891,
      4.189857006072998
    ],
    "n_resolved": 291,
    "var_s": 0.08629272992981313,
    "mean_r": 0.8578256584198637,
    "frac_small": 0.041474654377880185,
    "classification": "EQUIDISTANT"
  },
  "Chiral": {
    "lowest_10": [
      0.18803861737251282,
      0.5623263716697693,
      0.9383714199066162,
      1.3125977516174316,
      1.6885608434677124,
      2.0626654624938965,
      2.4384777545928955,
      2.8123972415924072,
      3.187979221343994,
      3.5616466999053955
    ],
    "n_resolved": 329,
    "var_s": 0.24557380807439663,
    "mean_r": 0.7469746163386553,
    "frac_small": 0.14285714285714285,
    "classification": "GOE"
  }
}