{
  "version": "2.1",
  "hamiltonian": "H = -i sigma_x d/dx + sigma_z K(x)",
  "notes": "No KO dissipation \u2014 clean eigenvalue spectrum",
  "parameters": {
    "N": 1024,
    "dx": 0.006135923151542565,
    "L": 6.283185307179586,
    "poly_deg": 5,
    "bulk_range": [
      50,
      250
    ]
  },
  "control": {
    "lowest_10": [
      2.253189086331986e-05,
      4.64628501504194e-05,
      0.9999929666519165,
      0.999993622303009,
      0.999999463558197,
      1.0000079870224,
      1.999940276145935,
      1.999948501586914,
      1.99994957447052,
      1.9999533891677856
    ],
    "full": {
      "var_s": 2.4033896923065186,
      "mean_r": 0.20925945043563843,
      "frac_small": 0.7058823529411765
    },
    "bulk": {
      "var_s": 2.53046648534691,
      "mean_r": 0.21830584668022632,
      "frac_small": 0.7167630057803468
    },
    "stat_class": "POISSON (no repulsion, integrable)"
  },
  "vortex": {
    "K_value": 0.5,
    "K_region": "central 20%",
    "lowest_10": [
      0.09560883790254593,
      0.09658361226320267,
      0.9393001794815063,
      0.9403122067451477,
      1.0897908210754395,
      1.0907639265060425,
      1.9877794981002808,
      1.9888044595718384,
      2.0386805534362793,
      2.0396063327789307
    ],
    "full": {
      "var_s": 2.92549467086792,
      "mean_r": 0.18217872083187103,
      "frac_small": 0.745819397993311
    },
    "bulk": {
      "var_s": 3.0258444733908525,
      "mean_r": 0.1962840368596849,
      "frac_small": 0.7537688442211056
    },
    "stat_class": "POISSON (no repulsion, integrable)"
  }
}