{
  "parameters": {
    "NX": 192,
    "NY": 192,
    "NZ": 512,
    "LX": 40.0,
    "LY": 40.0,
    "LZ": 80.0,
    "xi": 1.0,
    "rho0": 1.0,
    "R_ring": 8.0,
    "dx": 0.20833333333333334,
    "dy": 0.20833333333333334,
    "dz": 0.15625,
    "ramp_time": 50.0,
    "evolve_time": 800.0,
    "settle_time": 50.0,
    "forces": [
      0.005,
      0.01,
      0.02,
      0.05
    ],
    "V_ext": "momentum_kick: psi *= exp(i*F*dt*z)"
  },
  "results": {
    "0.005": {
      "F": 0.005,
      "acceleration": 0.0,
      "m_eff": null,
      "m_eff_err": null,
      "r_squared": null,
      "status": "OK",
      "times": [
        0.0,
        10.0,
        20.0,
        30.0,
        40.0,
        50.0,
        60.0,
        70.0,
        80.0,
        90.0,
        100.0,
        110.0,
        120.0,
        130.0,
        140.0,
        150.0,
        160.0,
        170.0,
        180.0,
        190.0,
        200.0,
        210.0,
        220.0,
        230.0,
        240.0,
        250.0,
        260.0,
        270.0,
        280.0,
        290.0,
        300.0,
        310.0,
        320.0,
        330.0,
        340.0,
        350.0,
        360.0,
        370.0,
        380.0,
        390.0,
        400.0,
        410.0,
        420.0,
        430.0,
        440.0,
        450.0,
        460.0,
        470.0,
        480.0,
        490.0,
        500.0,
        510.0,
        520.0,
        530.0,
        540.0,
        550.0,
        560.0,
        570.0,
        580.0,
        590.0,
        600.0,
        610.0,
        620.0,
        630.0,
        640.0,
        650.0,
        660.0,
        670.0,
        680.0,
        690.0,
        700.0,
        710.0,
        720.0,
        730.0,
        740.0,
        750.0,
        760.0,
        770.0,
        780.0,
        790.0,
        800.0
      ],
      "z_coms": [
        -1.5625,
        -1.5625,
        -1.5625,
        -1.5625,
        -1.5625,
        -1.5625,
        -1.5625,
        -1.5625,
        -1.5625,
        -1.5625,
        -1.5625,
        -1.5625,
        -1.5625,
        -1.5625,
        -1.5625,
        -1.5625,
        -1.5625,
        -1.5625,
        -1.5625,
        -1.5625,
        -1.5625,
        -1.5625,
        -1.5625,
        -1.5625,
        -1.5625,
        -1.5625,
        -1.5625,
        -1.5625,
        -1.5625,
        -1.5625,
        -1.5625,
        -1.5625,
        -1.5625,
        -1.5625,
        -1.5625,
        -1.5625,
        -1.5625,
        -1.5625,
        -1.5625,
        -1.5625,
        -1.5625,
        -1.5625,
        -1.5625,
        -1.5625,
        -1.5625,
        -1.5625,
        -1.5625,
        -1.5625,
        -1.5625,
        -1.5625,
        -1.5625,
        -1.5625,
        -1.5625,
        -1.5625,
        -1.5625,
        -1.5625,
        -1.5625,
        -1.5625,
        -1.5625,
        -1.5625,
        -1.5625,
        -1.5625,
        -1.5625,
        -1.5625,
        -1.5625,
        -1.5625,
        -1.5625,
        -1.5625,
        -1.5625,
        -1.5625,
        -1.5625,
        -1.5625,
        -1.5625,
        -1.5625,
        -1.5625,
        -1.5625,
        -1.5625,
        -1.5625,
        -1.5625,
        -1.5625,
        -1.5625
      ]
    },
    "0.01": {
      "F": 0.01,
      "acceleration": 0.0,
      "m_eff": null,
      "m_eff_err": null,
      "r_squared": null,
      "status": "OK",
      "times": [
        0.0,
        10.0,
        20.0,
        30.0,
        40.0,
        50.0,
        60.0,
        70.0,
        80.0,
        90.0,
        100.0,
        110.0,
        120.0,
        130.0,
        140.0,
        150.0,
        160.0,
        170.0,
        180.0,
        190.0,
        200.0,
        210.0,
        220.0,
        230.0,
        240.0,
        250.0,
        260.0,
        270.0,
        280.0,
        290.0,
        300.0,
        310.0,
        320.0,
        330.0,
        340.0,
        350.0,
        360.0,
        370.0,
        380.0,
        390.0,
        400.0,
        410.0,
        420.0,
        430.0,
        440.0,
        450.0,
        460.0,
        470.0,
        480.0,
        490.0,
        500.0,
        510.0,
        520.0,
        530.0,
        540.0,
        550.0,
        560.0,
        570.0,
        580.0,
        590.0,
        600.0,
        610.0,
        620.0,
        630.0,
        640.0,
        650.0,
        660.0,
        670.0,
        680.0,
        690.0,
        700.0,
        710.0,
        720.0,
        730.0,
        740.0,
        750.0,
        760.0,
        770.0,
        780.0,
        790.0,
        800.0
      ],
      "z_coms": [
        -1.5625,
        -1.5625,
        -1.5625,
        -1.5625,
        -1.5625,
        -1.5625,
        -1.5625,
        -1.5625,
        -1.5625,
        -1.5625,
        -1.5625,
        -1.5625,
        -1.5625,
        -1.5625,
        -1.5625,
        -1.5625,
        -1.5625,
        -1.5625,
        -1.5625,
        -1.5625,
        -1.5625,
        -1.5625,
        -1.5625,
        -1.5625,
        -1.5625,
        -1.5625,
        -1.5625,
        -1.5625,
        -1.5625,
        -1.5625,
        -1.5625,
        -1.5625,
        -1.5625,
        -1.5625,
        -1.5625,
        -1.5625,
        -1.5625,
        -1.5625,
        -1.5625,
        -1.5625,
        -1.5625,
        -1.5625,
        -1.5625,
        -1.5625,
        -1.5625,
        -1.5625,
        -1.5625,
        -1.5625,
        -1.5625,
        -1.5625,
        -1.5625,
        -1.5625,
        -1.5625,
        -1.5625,
        -1.5625,
        -1.5625,
        -1.5625,
        -1.5625,
        -1.5625,
        -1.5625,
        -1.5625,
        -1.5625,
        -1.5625,
        -1.5625,
        -1.5625,
        -1.5625,
        -1.5625,
        -1.5625,
        -1.5625,
        -1.5625,
        -1.5625,
        -1.5625,
        -1.5625,
        -1.5625,
        -1.5625,
        -1.5625,
        -1.5625,
        -1.5625,
        -1.5625,
        -1.5625,
        -1.5625
      ]
    },
    "0.02": {
      "F": 0.02,
      "acceleration": 0.0,
      "m_eff": null,
      "m_eff_err": null,
      "r_squared": null,
      "status": "OK",
      "times": [
        0.0,
        10.0,
        20.0,
        30.0,
        40.0,
        50.0,
        60.0,
        70.0,
        80.0,
        90.0,
        100.0,
        110.0,
        120.0,
        130.0,
        140.0,
        150.0,
        160.0,
        170.0,
        180.0,
        190.0,
        200.0,
        210.0,
        220.0,
        230.0,
        240.0,
        250.0,
        260.0,
        270.0,
        280.0,
        290.0,
        300.0,
        310.0,
        320.0,
        330.0,
        340.0,
        350.0,
        360.0,
        370.0,
        380.0,
        390.0,
        400.0,
        410.0,
        420.0,
        430.0,
        440.0,
        450.0,
        460.0,
        470.0,
        480.0,
        490.0,
        500.0,
        510.0,
        520.0,
        530.0,
        540.0,
        550.0,
        560.0,
        570.0,
        580.0,
        590.0,
        600.0,
        610.0,
        620.0,
        630.0,
        640.0,
        650.0,
        660.0,
        670.0,
        680.0,
        690.0,
        700.0,
        710.0,
        720.0,
        730.0,
        740.0,
        750.0,
        760.0,
        770.0,
        780.0,
        790.0,
        800.0
      ],