{
  "uhf_params": {
    "xi": 0.5,
    "rho0": 1.0,
    "g_torsion": 0.1,
    "gamma_derived": 4.0,
    "dephase_derived": 0.4
  },
  "results": [
    {
      "B0": 0.5,
      "T2star": 217.37245348937546,
      "refocusing": 0.9556982249175683,
      "phi_max": 3.6179251670837402,
      "echo_peak_coh": 0.17497260868549347,
      "initial_Mxy_coh": 0.18308353424072266,
      "pre180_coh": 0.17485176026821136,
      "echo_ratio": 0.9556982249175683,
      "decay_ratio": 0.9550381523567928
    },
    {
      "B0": 1.0,
      "T2star": 117.16063404229268,
      "refocusing": 0.9201956809930356,
      "phi_max": 3.617192506790161,
      "echo_peak_coh": 0.16847267746925354,
      "initial_Mxy_coh": 0.18308353424072266,
      "pre180_coh": 0.1681051403284073,
      "echo_ratio": 0.9201956809930356,
      "decay_ratio": 0.9181881976747215
    },
    {
      "B0": 2.0,
      "T2star": 66.70301127367688,
      "refocusing": 0.8652862712720795,
      "phi_max": 3.6221587657928467,
      "echo_peak_coh": 0.158419668674469,
      "initial_Mxy_coh": 0.18308353424072266,
      "pre180_coh": 0.15759433805942535,
      "echo_ratio": 0.8652862712720795,
      "decay_ratio": 0.8607783256588029
    }
  ]
}