{
  "initial_Mxy_coh": 0.18308353424072266,
  "initial_Mxy_inc": 0.18308353424072266,
  "pre180_Mxy_coh": 0.13784795999526978,
  "echo_peak_coh": 0.14141596853733063,
  "echo_peak_inc": 0.1814379096031189,
  "echo_peak_time": 19.355000000000434,
  "echo_ratio": 0.7724122713918855,
  "T2star_est": 35.237176692797576,
  "T2_est": 77.44828316141523,
  "refocus_eff": 0.7724122713918855,
  "TE": 20.0,
  "elapsed_s": 35.76627564430237
}