{
  "uhf_params": {
    "xi": 0.5,
    "g_torsion": 0.1,
    "B0": 3.0
  },
  "sweep_variable": "rho0",
  "results": [
    {
      "rho0": 1.0,
      "gamma": 4.0,
      "chi": 0.1,
      "T2star": 48.75829090409464,
      "refocusing": 0.8243652722721992,
      "phi_max": 3.6928298473358154,
      "echo_peak_coh": 0.15092770755290985,
      "initial_Mxy_coh": 0.18308353424072266,
      "pre180_coh": 0.1491345912218094,
      "echo_ratio": 0.8243652722721992,
      "decay_ratio": 0.8145712930455211
    },
    {
      "rho0": 0.8,
      "gamma": 3.2,
      "chi": 0.1,
      "T2star": 57.910635451319315,
      "refocusing": 0.8469902970147466,
      "phi_max": 3.62436580657959,
      "echo_peak_coh": 0.1550699770450592,
      "initial_Mxy_coh": 0.18308353424072266,
      "pre180_coh": 0.15404775738716125,
      "echo_ratio": 0.8469902970147466,
      "decay_ratio": 0.8414069458841423
    },
    {
      "rho0": 0.6,
      "gamma": 2.4,
      "chi": 0.1,
      "T2star": 71.39756962998833,
      "refocusing": 0.8734385336524688,
      "phi_max": 3.6248972415924072,
      "echo_peak_coh": 0.15991221368312836,
      "initial_Mxy_coh": 0.18308353424072266,
      "pre180_coh": 0.15915550291538239,
      "echo_ratio": 0.8734385336524688,
      "decay_ratio": 0.8693053887965746
    },
    {
      "rho0": 0.4,
      "gamma": 1.6,
      "chi": 0.1,
      "T2star": 98.94687164159839,
      "refocusing": 0.9065403993707579,
      "phi_max": 3.617135524749756,
      "echo_peak_coh": 0.16597262024879456,
      "initial_Mxy_coh": 0.18308353424072266,
      "pre180_coh": 0.16548460721969604,
      "echo_ratio": 0.9065403993707579,
      "decay_ratio": 0.9038748782406226
    }
  ]
}