{
  "version": "v2_acoustic_metric",
  "grid": {
    "N": 4096,
    "L": 400.0,
    "dx": 0.09765625
  },
  "params": {
    "A": 0.01,
    "sigma": 8.0,
    "x0": -150.0,
    "dt": 0.001,
    "T_total": 120.0
  },
  "results": [
    {
      "k0": 0.1,
      "vg_theory": 1.0074844294687093,
      "v_actual": 0.8503732047713652,
      "width_avg": 6.928780261868847,
      "T_internal": 60.25,
      "wall_time": 28.42808246612549
    },
    {
      "k0": 0.5,
      "vg_theory": 1.1785113019775793,
      "v_actual": 0.9899443823247377,
      "width_avg": 6.9728479483547385,
      "T_internal": 60.25,
      "wall_time": 26.985316038131714
    },
    {
      "k0": 0.8,
      "vg_theory": 1.4274367788367226,
      "v_actual": 1.1375182867737836,
      "width_avg": 7.189033916018451,
      "T_internal": 60.25,
      "wall_time": 27.872301816940308
    },
    {
      "k0": 0.95,
      "vg_theory": 1.579259685478431,
      "v_actual": 1.2283688332942022,
      "width_avg": 7.327023434317923,
      "T_internal": 30.125,
      "wall_time": 28.01586651802063
    }
  ],
  "R2_length": -48085.21500893831,
  "R2_time": 0.0,
  "R2_dispersion": -210.04034217387434,
  "physics_note": "Measured velocities: ['0.850', '0.990', '1.138', '1.228']. Width ratio W/W\u2080: ['1.000', '1.006', '1.038', '1.057'].",
  "conclusion": "Deviation \u2192 hypothesis falsified (R\u00b2_L=-48085.2150, R\u00b2_T=0.0000). Measured velocities: ['0.850', '0.990', '1.138', '1.228']. Width ratio W/W\u2080: ['1.000', '1.006', '1.038', '1.057']."
}