{
  "parameters": {
    "NX": 192,
    "NY": 192,
    "NZ": 512,
    "LX": 40.0,
    "LY": 40.0,
    "LZ": 80.0,
    "xi": 1.0,
    "rho0": 1.0,
    "dt": 0.02,
    "evolve_time": 40.0,
    "sample_dt": 0.5,
    "radii": [
      4.0,
      6.0,
      8.0,
      10.0
    ],
    "v_smooth_window": 2.0
  },
  "results": {
    "R4": {
      "R": 4.0,
      "v_peak": -0.46875,
      "v_fit": -0.37642045454545436,
      "v_KT": 0.4019669878499658,
      "ratio": 1.1661405393195148,
      "t_peak": 12.0,
      "Pz_measured": 3888.8538753140606,
      "Pz_theory": 315.82734083485946,
      "wall_time_s": 65.60595035552979,
      "times": [
        0.0,
        0.5,
        1.0,
        1.5,
        2.0,
        2.5,
        3.0,
        3.5,
        4.0,
        4.5,
        5.0,
        5.5,
        6.0,
        6.5,
        7.0,
        7.5,
        8.0,
        8.5,
        9.0,
        9.5,
        10.0,
        10.5,
        11.0,
        11.5,
        12.0,
        12.5,
        13.0,
        13.5,
        14.0,
        14.5,
        15.0,
        15.5,
        16.0,
        16.5,
        17.0,
        17.5,
        18.0,
        18.5,
        19.0,
        19.5,
        20.0,
        20.5,
        21.0,
        21.5,
        22.0,
        22.5,
        23.0,
        23.5,
        24.0,
        24.5,
        25.0,
        25.5,
        26.0,
        26.5,
        27.0,
        27.5,
        28.0,
        28.5,
        29.0,
        29.5,
        30.0,
        30.5,
        31.0,
        31.5,
        32.0,
        32.5,
        33.0,
        33.5,
        34.0,
        34.5,
        35.0,
        35.5,
        36.0,
        36.5,
        37.0,
        37.5,
        38.0,
        38.5,
        39.0,
        39.5,
        40.0
      ],
      "z_traj": [
        0.0,
        -0.15625,
        -0.15625,
        -0.3125,
        -0.3125,
        -0.46875,
        -0.625,
        -0.78125,
        -0.9375,
        -1.09375,
        -1.25,
        -1.40625,
        -1.5625,
        -1.71875,
        -2.03125,
        -2.1875,
        -2.34375,
        -2.5,
        -2.8125,
        -2.96875,
        -3.125,
        -3.28125,
        -3.4375,
        -3.75,
        -3.90625,
        -4.0625,
        -4.375,
        -4.53125,
        -4.6875,
        -4.84375,
        -5.0,
        -5.0,
        -5.0,
        -5.0,
        -5.0,
        -5.0,
        -5.0,
        -5.0,
        -5.0,
        -5.0,
        -5.0,
        -5.0,
        -5.0,
        -5.0,
        -5.0,
        -5.0,
        -5.0,
        -5.0,
        -5.0,
        -5.0,
        -5.0,
        -5.0,
        -5.0,
        -5.0,
        -5.0,
        -5.0,
        -5.0,
        -5.0,
        -5.0,
        -5.0,
        -5.0,
        -5.0,
        -5.0,
        -5.0,
        -5.0,
        -5.0,
        -5.0,
        -5.0,
        -5.0,
        -5.0,
        -5.0,
        -5.0,
        -5.0,
        -5.0,
        -5.0,
        -5.0,
        -5.0,
        -5.0,
        -5.0,
        -5.0,
        -5.0
      ]
    },
    "R6": {
      "R": 6.0,
      "v_peak": -0.3125,
      "v_fit": -0.26717185191265796,
      "v_KT": 0.3017667509089909,
      "ratio": 1.0355680308008688,
      "t_peak": 7.5,
      "Pz_measured": 3642.013787060254,
      "Pz_theory": 710.6115168784338,
      "wall_time_s": 64.57896161079407,
      "times": [
        0.0,
        0.5,
        1.0,
        1.5,
        2.0,
        2.5,
        3.0,
        3.5,
        4.0,
        4.5,
        5.0,
        5.5,
        6.0,
        6.5,
        7.0,
        7.5,
        8.0,
        8.5,
        9.0,
        9.5,
        10.0,
        10.5,
        11.0,
        11.5,
        12.0,
        12.5,
        13.0,
        13.5,
        14.0,
        14.5,
        15.0,
        15.5,
        16.0,
        16.5,
        17.0,
        17.5,
        18.0,
        18.5,
        19.0,
        19.5,
        20.0,
        20.5,
        21.0,
        21.5,
        22.0,
        22.5,
        23.0,
        23.5,
        24.0,
        24.5,
        25.0,
        25.5,
        26.0,
        26.5,
        27.0,
        27.5,
        28.0,
        28.5,
        29.0,
        29.5,
        30.0,
        30.5,
        31.0,
        31.5,
        32.0,
        32.5,
        33.0,
        33.5,
        34.0,
        34.5,
        35.0,
        35.5,
        36.0,
        36.5,
        37.0,
        37.5,
        38.0,
        38.5,
        39.0,
        39.5,
        40.0
      ],
      "z_traj": [
        0.0,
        -0.15625,
        -0.15625,
        -0.15625,
        -0.3125,
        -0.3125,
        -0.46875,
        -0.46875,
        -0.625,
        -0.78125,
        -0.78125,
        -0.9375,
        -1.09375,
        -1.09375,
        -1.25,
        -1.40625,
        -1.5625,
        -1.71875,
        -1.875,
        -2.03125,
        -2.1875,
        -2.34375,
        -2.34375,
        -2.5,
        -2.65625,
        -2.8125,
        -2.96875,
        -3.125,
        -3.28125,
        -3.28125,
        -3.28125,
        -3.28125,
        -3.28125,
        -3.28125,
        -3.28125,
        -3.28125,
        -3.28125,
        -3.28125,
        -3.28125,
        -3.28125,
        -3.28125,
        -3.28125,
        -3.28125,
        -3.28125,
        -3.28125,
        -3.28125,
        -3.28125,
        -3.28125,
        -3.28125,
        -3.28125,
        -3.28125,
        -3.28125,
        -3.28125,
        -3.28125,
        -3.28125,
        -3.28125,
        -3.28125,
        -3.28125,
        -3.28125,
        -3.28125,
        -3.28125,
        -3.28125,
        -3.28125,
        -3.28125,
        -3.28125,
        -3.28125,
        -3.28125,
        -3.28125,
        -3.28125,
        -3.28125,
        -3.28125,
        -3.28125,
        -3.28125,
        -3.28125,
        -3.28125,
        -3.28125,
        -3.28125,
        -3.28125,
        -3.28125,
        -3.28125,
        -3.28125
      ]
    },
    "R8": {
      "R": 8.0,
      "v_peak": -0.3125,
      "v_fit": -0.24080086580086568,
      "v_KT": 0.24430519270997947,
      "ratio": 1.2791377724458612,
      "t_peak": 12.5,
      "Pz_measured": 3236.172188564137,
      "Pz_theory": 1263.3093633394378,
      "wall_time_s": 65.90970826148987,
      "times": [
        0.0,
        0.5,
        1.0,
        1.5,
        2.0,
        2.5,
        3.0,
        3.5,
        4.0,
        4.5,
        5.0,
        5.5,
        6.0,
        6.5,
        7.0,
        7.5,
        8.0,
        8.5,
        9.0,
        9.5,
        10.0,
        10.5,
        11.0,
        11.5,
        12.0,
        12.5,
        13.0,
        13.5,
        14.0,
        14.5,
        15.0,
        15.5,
        16.0,
        16.5,
        17.0,
        17.5,
        18.0,
        18.5,
        19.0,
        19.5,
        20.0,
        20.5,
        21.0,
        21.5,
        22.0,
        22.5,
        23.0,
        23.5,
        24.0,
        24.5,
        25.0,
        25.5,
        26.0,
        26.5,
        27.0,
        27.5,
        28.0,
        28.5,
        29.0,
        29.5,
        30.0,
        30.5,
        31.0,
        31.5,
        32.0,
        32.5,
        33.0,
        33.5,
        34.0,
        34.5,
        35.0,
        35.5,
        36.0,
        36.5,
        37.0,
        37.5,
        38.0,
        38.5,
        39.0,
        39.5,
        40.0
      ],