{
  "test": "UHF_Cosmology_Halo",
  "version": "v2_topological_persistence",
  "grid": {
    "N": 512,
    "L": 50.0,
    "dx": 0.1953125
  },
  "physics": {
    "rho0": 1.0,
    "g": 1.0,
    "xi": 0.7071067811865475,
    "c_s": 1.0
  },
  "halo": {
    "R": 12.0,
    "amp": 0.3,
    "sep": 40.0
  },
  "late_time": {
    "var_A": 0.01415875495649501,
    "var_B": 0.010784878881133286,
    "dev_A": 0.09154495731174658,
    "dev_B": 0.08471395542143895,
    "ke_A": 23.40756546908288,
    "ke_B": 9.601404123159687
  },
  "ratios": {
    "var_ratio": 1.3128339328190206,
    "dev_ratio": 1.0806360871278462,
    "ke_ratio": 2.4379314909390333
  },
  "verdict": "CONFIRMED",
  "wall_time": 16.998829126358032
}