{
  "parameters": {
    "N": 256,
    "L": 40.0,
    "xi": 1.0,
    "rho0": 1.0,
    "R_ring": 8.0,
    "dx": 0.15625,
    "ramp_time": 50.0,
    "evolve_time": 400.0,
    "forces": [
      0.01,
      0.05,
      0.1,
      0.2
    ]
  },
  "results": {
    "0.01": {
      "F": 0.01,
      "acceleration": 1.0984379656642803e-07,
      "m_eff": 91038.36823368083,
      "m_eff_err": 222061.7224088918,
      "r_squared": 0.12602739637410787,
      "status": "OK",
      "times": [
        0.0,
        10.0,
        20.0,
        30.0,
        40.0,
        50.0,
        60.0,
        70.0,
        80.0,
        90.0,
        100.0,
        110.0,
        120.0,
        130.0,
        140.0,
        150.0,
        160.0,
        170.0,
        180.0,
        190.0,
        200.0,
        210.0,
        220.0,
        230.0,
        240.0,
        250.0,
        260.0,
        270.0,
        280.0,
        290.0,
        300.0,
        310.0,
        320.0,
        330.0,
        340.0,
        350.0,
        360.0,
        370.0,
        380.0,
        390.0,
        400.0
      ],
      "z_coms": [
        -0.07009089416000526,
        -0.08537748172827749,
        -0.06485538052694112,
        -0.09900781612787328,
        -0.07433318103973931,
        -0.07071167569272443,
        -0.09825901276493501,
        -0.09127739974483455,
        -0.06792782700500248,
        -0.07515462983316329,
        -0.07662920158914588,
        -0.08634199223500172,
        -0.08418677883065058,
        -0.08177292767264499,
        -0.07067106482174625,
        -0.08832324814297893,
        -0.09179899118531008,
        -0.07726109742861217,
        -0.06498499797776698,
        -0.07807617560266343,
        -0.06846213462695837,
        -0.07685316952381321,
        -0.0778436162777944,
        -0.08659532512000967,
        -0.07561525275755422,
        -0.06959439600338649,
        -0.08382023883006143,
        -0.07802563608666963,
        -0.07091717040095291,
        -0.08254770303081797,
        -0.0728734143631521,
        -0.0859045473563827,
        -0.07680637188036246,
        -0.07977022121271227,
        -0.07260086109390985,
        -0.08414960267857935,
        -0.0685546811823274,
        -0.06882655022652888,
        -0.06949193549088142,
        -0.06830951737501605,
        -0.07230299941804048
      ]
    },
    "0.05": {
      "F": 0.05,
      "acceleration": -3.612147488816781e-07,
      "m_eff": -138421.8118302205,
      "m_eff_err": 117882.95966812738,
      "r_squared": 0.04473748480336759,
      "status": "OK",
      "times": [
        0.0,
        10.0,
        20.0,
        30.0,
        40.0,
        50.0,
        60.0,
        70.0,
        80.0,
        90.0,
        100.0,
        110.0,
        120.0,
        130.0,
        140.0,
        150.0,
        160.0,
        170.0,
        180.0,
        190.0,
        200.0,
        210.0,
        220.0,
        230.0,
        240.0,
        250.0,
        260.0,
        270.0,
        280.0,
        290.0,
        300.0,
        310.0,
        320.0,
        330.0,
        340.0,
        350.0,
        360.0,
        370.0,
        380.0,
        390.0,
        400.0
      ],
      "z_coms": [
        -0.07009089416000526,
        -0.08880788637485444,
        -0.07341581737043874,
        -0.09104417133874011,
        -0.09295884954849092,
        -0.08625148684162667,
        -0.08155626561260816,
        -0.09288361586914427,
        -0.08679416695796668,
        -0.08998743070990836,
        -0.07646597101606663,
        -0.07146523753771604,
        -0.08047843737393244,
        -0.06653383798684713,
        -0.06568516060746585,
        -0.07114460696533981,
        -0.06918948457823187,
        -0.07371268421751653,
        -0.08326895986908874,
        -0.08632369874643156,
        -0.06777056937264449,
        -0.09846126514766378,
        -0.09627805966929512,
        -0.08759851290471361,
        -0.08374559171192184,
        -0.07430772139207681,
        -0.07222026218856695,
        -0.06742195793985342,
        -0.07468937656523841,
        -0.08578315071350905,
        -0.07586847884103855,
        -0.08018777768775981,
        -0.08034138471648913,
        -0.06694944808065788,
        -0.06700336273681136,
        -0.07828691921527844,
        -0.09009492407371585,
        -0.08270312643667115,
        -0.08252996618232568,
        -0.07707994937001958,
        -0.08419751355117551
      ]
    },
    "0.1": {
      "F": 0.1,
      "acceleration": 1.713455843215766e-07,
      "m_eff": 583615.8567840465,
      "m_eff_err": 909722.225722095,
      "r_squared": 0.030558375147651362,
      "status": "OK",
      "times": [
        0.0,
        10.0,
        20.0,
        30.0,
        40.0,
        50.0,
        60.0,
        70.0,
        80.0,
        90.0,
        100.0,
        110.0,
        120.0,
        130.0,
        140.0,
        150.0,
        160.0,
        170.0,
        180.0,
        190.0,
        200.0,
        210.0,
        220.0,
        230.0,
        240.0,
        250.0,
        260.0,
        270.0,
        280.0,
        290.0,
        300.0,
        310.0,
        320.0,
        330.0,
        340.0,
        350.0,
        360.0,
        370.0,
        380.0,
        390.0,
        400.0
      ],
      "z_coms": [
        -0.07009089416000526,
        -0.09492993519441396,
        -0.08539634730828732,
        -0.08060493395400924,
        -0.08806068907167762,
        -0.09108621834033874,
        -0.08027898373165793,
        -0.08057082087368825,
        -0.07508143268132474,
        -0.07603478677893181,
        -0.08516753193720329,
        -0.07457177806809713,
        -0.07591824059651002,
        -0.07111185417710186,
        -0.08091288456761508,
        -0.07101002700352005,
        -0.09333958005104971,
        -0.06787868728523345,
        -0.09044782141822194,
        -0.0804988529483329,
        -0.0824023689831711,
        -0.07024112501157648,
        -0.08673505844890478,
        -0.08899611545000392,
        -0.08519786630542031,
        -0.07020116037921033,
        -0.09272819571018956,
        -0.07353960558960403,
        -0.08201444195854994,
        -0.0713724747239972,
        -0.08380015618660346,
        -0.07660839103646863,
        -0.08997589821695286,
        -0.07168800757717782,
        -0.0862467666709248,
        -0.07537850877228078,
        -0.06530405470229714,
        -0.07562932119174072,
        -0.07988142555665974,
        -0.08194502848735259,
        -0.07037625380274284
      ]
    },
    "0.2": {
      "F": 0.2,
      "acceleration": -1.381012926011968e-07,
      "m_eff": -1448212.368131497,
      "m_eff_err": 2626588.8543288354,
      "r_squared": 0.040916659409722334,
      "status": "OK",
      "times": [
        0.0,
        10.0,
        20.0,
        30.0,
        40.0,
        50.0,
        60.0,
        70.0,
        80.0,
        90.0,
        100.0,
        110.0,
        120.0,
        130.0,
        140.0,
        150.0,
        160.0,
        170.0,
        180.0,
        190.0,
        200.0,
        210.0,
        220.0,
        230.0,
        240.0,
        250.0,
        260.0,
        270.0,
        280.0,
        290.0,
        300.0,
        310.0,
        320.0,
        330.0,
        340.0,
        350.0,
        360.0,
        370.0,
        380.0,
        390.0,
        400.0
      ],