{
  "parameters": {
    "N": 1024,
    "dx": 0.01,
    "L": 10.24,
    "rho0": 1.0,
    "lambda": 1.0,
    "mu": 1.0,
    "dt_imag": 5e-05,
    "n_equil": 5000,
    "xi_heal": 0.7071067811865475,
    "c_sound": 1.0
  },
  "control": {
    "lowest_10": [
      0.6860247254371643,
      0.9452384114265442,
      1.1967706680297852,
      2.1919291019439697,
      2.3991003036499023,
      4.209164619445801,
      4.320425987243652,
      6.917776584625244,
      6.977330684661865,
      10.344080924987793
    ],
    "var_s": 1.6015870571136475,
    "mean_r": 0.03619972616434097,
    "frac_small": 0.5306122448979592,
    "stat_class": "POISSON (no level repulsion)",
    "max_imag": 0.025838319212198257,
    "herm_err": 0.0
  },
  "vortex": {
    "lowest_10": [
      0.6871007084846497,
      1.074379563331604,
      1.1537038087844849,
      2.167435884475708,
      2.4812686443328857,
      3.962883472442627,
      4.601127624511719,
      6.496182441711426,
      7.42346715927124,
      9.77410888671875
    ],
    "var_s": 0.4827522337436676,
    "mean_r": 0.45333540439605713,
    "frac_small": 0.14285714285714285,
    "stat_class": "GOE-like (linear repulsion)",
    "max_imag": 0.016602011397480965,
    "herm_err": 0.0
  }
}