{
  "b_values": [
    8.0,
    10.0,
    12.0,
    14.0,
    16.0,
    18.0,
    20.0,
    22.0,
    24.0,
    26.0,
    28.0,
    30.0
  ],
  "deflections": [
    0.23709223221425854,
    0.1682967973330194,
    0.10209099914864068,
    0.052912939784831546,
    0.023339136432024423,
    0.008748422108943728,
    0.0027926907082335903,
    0.0007614473666729062,
    0.00017557032607051486,
    3.1215913738278236e-05,
    1.9060945841111152e-07,
    -6.306790142082752e-06
  ],
  "fit_alpha": -9.492126825429601,
  "fit_A": 1144638272.2272213,
  "R2_loglog": 0.8055666551811872,
  "R2_linear": -115.92563784840164,
  "conclusion": "Exponent = -9.492, R\u00b2=0.8056 \u2192 Deviation \u2192 hypothesis falsified",
  "plot": "UHF_HydroGR_Lensing_v1_results/gr_lensing_v1.png"
}