{
  "b_values": [
    8.0,
    10.0,
    12.0,
    14.0,
    16.0,
    18.0,
    20.0,
    22.0,
    24.0,
    26.0,
    28.0,
    30.0
  ],
  "deflections": [
    -0.2327071136765424,
    -0.19822565212332371,
    -0.16971674511104554,
    -0.14655106862304365,
    -0.12758460324241597,
    -0.11206413194458528,
    -0.09907092886835195,
    -0.08827266094521774,
    -0.07909447527568234,
    -0.07091584285287139,
    -0.06414184717482316,
    -0.05812681456034899
  ],
  "fit_alpha": -1.0668703748861794,
  "fit_A": 2.3386558184552806,
  "R2_loglog": 0.9895902967273349,
  "R2_linear": 0.9814480782373703,
  "V0": 3.0,
  "epsilon": 5.0,
  "conclusion": "CONFIRMED \u2014 deflection scales as 1/b: exponent -1.067 (target -1.0\u00b10.15), R\u00b2=0.9896",
  "plot": "UHF_HydroGR_Lensing_v2_results/gr_lensing_v2.png"
}