{"t": [0.003, 0.9030000000000007, 1.8029999999999717, 2.7029999999999914, 3.6030000000000255, 4.50300000000006, 5.403000000000094, 6.303000000000128, 7.203000000000162, 8.103000000000195, 9.00300000000023, 9.903000000000263, 10.803000000000297, 11.703000000000332, 12.603000000000366, 13.5030000000004, 14.403000000000434, 15.303000000000468, 16.2030000000005, 17.103000000000534, 18.00300000000057, 18.903000000000603, 19.803000000000637, 20.70300000000067, 21.603000000000705, 22.50300000000074, 23.403000000000773, 24.303000000000807, 25.20300000000084, 26.103000000000876, 27.00300000000091, 27.903000000000944, 28.803000000000978, 29.703000000001012], "central_rho": [2.439207128190901e-05, 1.2679730389208999e-05, 3.261429526446591e-07, 5.448777665151283e-05, 0.0002593637036625296, 0.0005979753332212567, 0.0007779955049045384, 0.000953477225266397, 0.0011692836415022612, 0.0014277228619903326, 0.0017320970073342323, 0.002085899468511343, 0.002492286032065749, 0.0029535777866840363, 0.0034707363229244947, 0.004042831249535084, 0.004666507709771395, 0.005335517693310976, 0.006040384527295828, 0.00676828483119607, 0.007503129541873932, 0.00822601467370987, 0.00891595147550106, 0.009550993330776691, 0.010109654627740383, 0.010572371073067188, 0.010923092253506184, 0.011150609701871872, 0.011249475181102753, 0.011220397427678108, 0.011070090346038342, 0.010810409672558308, 0.010457176715135574, 0.010028773918747902], "central_lapse": [0.9283881783485413, 0.9198695421218872, 0.8752434253692627, 0.7702828645706177, 0.5890967845916748, 0.2988384962081909, 0.10000000149011612, 0.10000000149011612, 0.10000000149011612, 0.10000000149011612, 0.10000000149011612, 0.10000000149011612, 0.10000000149011612, 0.10000000149011612, 0.10000000149011612, 0.10000000149011612, 0.10000000149011612, 0.10000000149011612, 0.10000000149011612, 0.10000000149011612, 0.10000000149011612, 0.10000000149011612, 0.10000000149011612, 0.10000000149011612, 0.10000000149011612, 0.10000000149011612, 0.10000000149011612, 0.10000000149011612, 0.10000000149011612, 0.10000000149011612, 0.10000000149011612, 0.10000000149011612, 0.10000000149011612, 0.10000000149011612], "K5_max": [0.2706240117549896, 0.17303091287612915, 0.19306553900241852, 0.1717665046453476, 0.20154397189617157, 0.19551990926265717, 0.19434373080730438, 0.19592145085334778, 0.19644810259342194, 0.1901475340127945, 0.18206219375133514, 0.1788337677717209, 0.17812837660312653, 0.17788854241371155, 0.1779031604528427, 0.17759288847446442, 0.17638525366783142, 0.17370876669883728, 0.17133809626102448, 0.1672637164592743, 0.15955419838428497, 0.14937841892242432, 0.13724038004875183, 0.12612204253673553, 0.11579873412847519, 0.10561875253915787, 0.09525652974843979, 0.08570536226034164, 0.07694803923368454, 0.07074481248855591, 0.06710539013147354, 0.06401170790195465, 0.06144150346517563, 0.059299662709236145], "h_plus": [1.8584010601043701, 4.011014461517334, 11.416839599609375, 56.71684265136719, 140.36851501464844, 183.91986083984375, 181.1125946044922, 149.4537353515625, 156.45909118652344, 197.24563598632812, 243.82626342773438, 282.82171630859375, 310.05682373046875, 323.01531982421875, 320.1277160644531, 303.9007263183594, 278.2619323730469, 244.9024658203125, 204.6312713623047, 160.1748809814453, 117.4842529296875, 83.65563201904297, 63.54598617553711, 56.49355697631836, 59.2646484375, 68.29552459716797, 80.2674560546875, 92.00946807861328, 101.3129653930664, 107.51480102539062, 109.71472930908203, 109.04238891601562, 106.74913024902344, 103.37007141113281], "h_cross": [0.0, -1.8814604118233547e-05, -0.0012208608677610755, -0.01860749162733555, -0.05732330307364464, -0.06699702888727188, -0.09490279108285904, -0.16747747361660004, -0.2785325050354004, -0.3529910445213318, -0.3233024477958679, -0.17199444770812988, 0.07779139280319214, 0.3483021855354309, 0.5649457573890686, 0.7469650506973267, 0.9890254735946655, 1.3379195928573608, 1.7936830520629883, 2.208172082901001, 2.5596275329589844, 2.950202226638794, 3.557429313659668, 4.384279251098633, 5.396183013916016, 6.3949785232543945, 7.532216548919678, 8.693785667419434, 9.676674842834473, 10.548885345458984, 11.349196434020996, 12.07779312133789, 12.762950897216797, 13.414097785949707], "total_mass": [0.9140170812606812, 1.0611799955368042, 1.709586262702942, 3.652186155319214, 7.7439045906066895, 13.00300121307373, 18.04181480407715, 24.257999420166016, 28.775781631469727, 31.23576545715332, 32.744712829589844, 33.937255859375, 35.081722259521484, 36.2391471862793, 37.38146209716797, 38.50587463378906, 39.642215728759766, 40.858890533447266, 42.20350646972656, 43.6452751159668, 45.124691009521484, 46.61280822753906, 48.10816192626953, 49.643890380859375, 51.27942657470703, 53.06120300292969, 55.013187408447266, 57.15520095825195, 59.49394989013672, 62.01873016357422, 64.71988677978516, 67.5638656616211, 70.51692962646484, 73.55400848388672], "binary_sep": [13.995684623718262, 13.990665435791016, 13.9876708984375, 14.0564546585083, 14.138071060180664, 14.07678508758545, 14.146556854248047, 14.530028343200684, 15.07315444946289, 15.545612335205078, 15.830915451049805, 15.961225509643555, 15.975220680236816, 15.900047302246094, 15.764301300048828, 15.58979606628418, 15.387500762939453, 15.155467987060547, 14.891128540039062, 14.609456062316895, 14.3413724899292, 14.116080284118652, 13.946219444274902, 13.827642440795898, 13.745545387268066, 13.68238639831543, 13.623085021972656, 13.558160781860352, 13.482438087463379, 13.394050598144531, 13.292786598205566, 13.180639266967773, 13.060883522033691, 12.93685531616211], "circ_pol": [0.0, 4.69071254787163e-06, 0.00010692366466152504, 0.0003279694015018427, 0.0004082105099771393, 0.00036414029601544804, 0.0005237244178461707, 0.0011193431095381148, 0.0017770621914207372, 0.001786404338053534, 0.0013241983316107577, 0.0006077677388959422, 0.00025083105532180505, 0.0010771223533763005, 0.0017616422969569505, 0.0024518979524858348, 0.0035417084375331544, 0.005433388152850917, 0.008689274303834574, 0.01359853778599658, 0.021322432456317108, 0.0340647053669585, 0.05301413181021153, 0.0720176590166673, 0.08345365954612766, 0.08561970071273811, 0.08578866327811595, 0.08633073256346428, 0.08718538795393302, 0.08934911038034084, 0.09374548499363822, 0.0997174287404315, 0.10679213996449019, 0.1148622957903854], "Lz": [0.8629010915756226, 0.6276683211326599, 0.4353034794330597, 0.7033941745758057, 1.7539302110671997, 3.1732966899871826, 4.356696128845215, 5.430661201477051, 6.612092018127441, 7.941288948059082, 9.383278846740723, 10.929795265197754, 12.555286407470703, 14.237845420837402, 15.981988906860352, 17.824295043945312, 19.827131271362305, 22.09654426574707, 24.75590705871582, 27.89596939086914, 31.425457000732422, 35.089969635009766, 38.69654083251953, 42.18373489379883, 45.6165771484375, 49.07143783569336, 52.63180923461914, 56.33858871459961, 60.21400833129883, 64.2956314086914, 68.62091827392578, 73.19454193115234, 78.00930786132812, 83.0672836303711]}