{"t": [0.003, 0.9030000000000007, 1.8029999999999717, 2.7029999999999914, 3.6030000000000255, 4.50300000000006, 5.403000000000094, 6.303000000000128, 7.203000000000162, 8.103000000000195, 9.00300000000023, 9.903000000000263, 10.803000000000297, 11.703000000000332, 12.603000000000366, 13.5030000000004, 14.403000000000434], "central_rho": [2.439207128190901e-05, 1.2679730389208999e-05, 3.261429526446591e-07, 5.448777665151283e-05, 0.0002593637036625296, 0.0005979753332212567, 0.0007779955049045384, 0.000953477225266397, 0.0011692836415022612, 0.0014277228619903326, 0.0017320970073342323, 0.002085899468511343, 0.002492286032065749, 0.0029535777866840363, 0.0034707363229244947, 0.004042831249535084, 0.004666507709771395], "central_lapse": [0.9283881783485413, 0.9198695421218872, 0.8752434253692627, 0.7702828645706177, 0.5890967845916748, 0.2988384962081909, 0.10000000149011612, 0.10000000149011612, 0.10000000149011612, 0.10000000149011612, 0.10000000149011612, 0.10000000149011612, 0.10000000149011612, 0.10000000149011612, 0.10000000149011612, 0.10000000149011612, 0.10000000149011612], "K5_max": [0.2706240117549896, 0.17303091287612915, 0.19306553900241852, 0.1717665046453476, 0.20154397189617157, 0.19551990926265717, 0.19434373080730438, 0.19592145085334778, 0.19644810259342194, 0.1901475340127945, 0.18206219375133514, 0.1788337677717209, 0.17812837660312653, 0.17788854241371155, 0.1779031604528427, 0.17759288847446442, 0.17638525366783142], "h_plus": [1.8584010601043701, 4.011014461517334, 11.416839599609375, 56.71684265136719, 140.36851501464844, 183.91986083984375, 181.1125946044922, 149.4537353515625, 156.45909118652344, 197.24563598632812, 243.82626342773438, 282.82171630859375, 310.05682373046875, 323.01531982421875, 320.1277160644531, 303.9007263183594, 278.2619323730469], "h_cross": [0.0, -1.8814604118233547e-05, -0.0012208608677610755, -0.01860749162733555, -0.05732330307364464, -0.06699702888727188, -0.09490279108285904, -0.16747747361660004, -0.2785325050354004, -0.3529910445213318, -0.3233024477958679, -0.17199444770812988, 0.07779139280319214, 0.3483021855354309, 0.5649457573890686, 0.7469650506973267, 0.9890254735946655], "total_mass": [0.9140170812606812, 1.0611799955368042, 1.709586262702942, 3.652186155319214, 7.7439045906066895, 13.00300121307373, 18.04181480407715, 24.257999420166016, 28.775781631469727, 31.23576545715332, 32.744712829589844, 33.937255859375, 35.081722259521484, 36.2391471862793, 37.38146209716797, 38.50587463378906, 39.642215728759766], "binary_sep": [13.995684623718262, 13.990665435791016, 13.9876708984375, 14.0564546585083, 14.138071060180664, 14.07678508758545, 14.146556854248047, 14.530028343200684, 15.07315444946289, 15.545612335205078, 15.830915451049805, 15.961225509643555, 15.975220680236816, 15.900047302246094, 15.764301300048828, 15.58979606628418, 15.387500762939453], "circ_pol": [0.0, 4.69071254787163e-06, 0.00010692366466152504, 0.0003279694015018427, 0.0004082105099771393, 0.00036414029601544804, 0.0005237244178461707, 0.0011193431095381148, 0.0017770621914207372, 0.001786404338053534, 0.0013241983316107577, 0.0006077677388959422, 0.00025083105532180505, 0.0010771223533763005, 0.0017616422969569505, 0.0024518979524858348, 0.0035417084375331544], "Lz": [0.8629010915756226, 0.6276683211326599, 0.4353034794330597, 0.7033941745758057, 1.7539302110671997, 3.1732966899871826, 4.356696128845215, 5.430661201477051, 6.612092018127441, 7.941288948059082, 9.383278846740723, 10.929795265197754, 12.555286407470703, 14.237845420837402, 15.981988906860352, 17.824295043945312, 19.827131271362305]}