{"t": [0.003, 0.9030000000000007, 1.8029999999999717, 2.7029999999999914, 3.6030000000000255, 4.50300000000006, 5.403000000000094, 6.303000000000128, 7.203000000000162, 8.103000000000195, 9.00300000000023, 9.903000000000263, 10.803000000000297, 11.703000000000332, 12.603000000000366, 13.5030000000004, 14.403000000000434, 15.303000000000468, 16.2030000000005, 17.103000000000534, 18.00300000000057, 18.903000000000603, 19.803000000000637, 20.70300000000067, 21.603000000000705, 22.50300000000074, 23.403000000000773, 24.303000000000807, 25.20300000000084, 26.103000000000876, 27.00300000000091, 27.903000000000944, 28.803000000000978, 29.703000000001012, 30.603000000001046, 31.50300000000108, 32.403000000001114, 33.30300000000115, 34.20300000000118, 35.10300000000122, 36.00300000000125, 36.903000000001285, 37.80300000000132, 38.70300000000135, 39.60300000000139, 40.50300000000142, 41.403000000001455, 42.30300000000149, 43.20300000000152, 44.10300000000156, 45.00300000000159], "central_rho": [2.439207128190901e-05, 1.2679730389208999e-05, 3.261429526446591e-07, 5.448777665151283e-05, 0.0002593637036625296, 0.0005979753332212567, 0.0007779955049045384, 0.000953477225266397, 0.0011692836415022612, 0.0014277228619903326, 0.0017320970073342323, 0.002085899468511343, 0.002492286032065749, 0.0029535777866840363, 0.0034707363229244947, 0.004042831249535084, 0.004666507709771395, 0.005335517693310976, 0.006040384527295828, 0.00676828483119607, 0.007503129541873932, 0.00822601467370987, 0.00891595147550106, 0.009550993330776691, 0.010109654627740383, 0.010572371073067188, 0.010923092253506184, 0.011150609701871872, 0.011249475181102753, 0.011220397427678108, 0.011070090346038342, 0.010810409672558308, 0.010457176715135574, 0.010028773918747902, 0.009544560685753822, 0.009023472666740417, 0.00848300289362669, 0.00793838407844305, 0.007402176037430763, 0.00688420794904232, 0.006391775794327259, 0.005929960403591394, 0.005502089858055115, 0.005110287107527256, 0.004755822010338306, 0.004439466167241335, 0.00416171457618475, 0.003922874107956886, 0.0037230795715004206, 0.003562214318662882, 0.0034398266579955816], "central_lapse": [0.9283881783485413, 0.9198695421218872, 0.8752434253692627, 0.7702828645706177, 0.5890967845916748, 0.2988384962081909, 0.10000000149011612, 0.10000000149011612, 0.10000000149011612, 0.10000000149011612, 0.10000000149011612, 0.10000000149011612, 0.10000000149011612, 0.10000000149011612, 0.10000000149011612, 0.10000000149011612, 0.10000000149011612, 0.10000000149011612, 0.10000000149011612, 0.10000000149011612, 0.10000000149011612, 0.10000000149011612, 0.10000000149011612, 0.10000000149011612, 0.10000000149011612, 0.10000000149011612, 0.10000000149011612, 0.10000000149011612, 0.10000000149011612, 0.10000000149011612, 0.10000000149011612, 0.10000000149011612, 0.10000000149011612, 0.10000000149011612, 0.10000000149011612, 0.10000000149011612, 0.10000000149011612, 0.10000000149011612, 0.10000000149011612, 0.10000000149011612, 0.10000000149011612, 0.10000000149011612, 0.10000000149011612, 0.10000000149011612, 0.10000000149011612, 0.10000000149011612, 0.10000000149011612, 0.10000000149011612, 0.10000000149011612, 0.10000000149011612, 0.10000000149011612], "K5_max": [0.2706240117549896, 0.17303091287612915, 0.19306553900241852, 0.1717665046453476, 0.20154397189617157, 0.19551990926265717, 0.19434373080730438, 0.19592145085334778, 0.19644810259342194, 0.1901475340127945, 0.18206219375133514, 0.1788337677717209, 0.17812837660312653, 0.17788854241371155, 0.1779031604528427, 0.17759288847446442, 0.17638525366783142, 0.17370876669883728, 0.17133809626102448, 0.1672637164592743, 0.15955419838428497, 0.14937841892242432, 0.13724038004875183, 0.12612204253673553, 0.11579873412847519, 0.10561875253915787, 0.09525652974843979, 0.08570536226034164, 0.07694803923368454, 0.07074481248855591, 0.06710539013147354, 0.06401170790195465, 0.06144150346517563, 0.059299662709236145, 0.05750199034810066, 0.05598251894116402, 0.05583510547876358, 0.05596410110592842, 0.05608018487691879, 0.056184735149145126, 0.05627889558672905, 0.05636364221572876, 0.05643976852297783, 0.05650799348950386, 0.0565689317882061, 0.056623149663209915, 0.056671299040317535, 0.05671387165784836, 0.05675162374973297, 0.056785158812999725, 0.056815214455127716], "h_plus": [1.8584010601043701, 4.011014461517334, 11.416839599609375, 56.71684265136719, 140.36851501464844, 183.91986083984375, 181.1125946044922, 149.4537353515625, 156.45909118652344, 197.24563598632812, 243.82626342773438, 282.82171630859375, 310.05682373046875, 323.01531982421875, 320.1277160644531, 303.9007263183594, 278.2619323730469, 244.9024658203125, 204.6312713623047, 160.1748809814453, 117.4842529296875, 83.65563201904297, 63.54598617553711, 56.49355697631836, 59.2646484375, 68.29552459716797, 80.2674560546875, 92.00946807861328, 101.3129653930664, 107.51480102539062, 109.71472930908203, 109.04238891601562, 106.74913024902344, 103.37007141113281, 99.14746856689453, 94.20922088623047, 88.63259887695312, 82.46739196777344, 75.7457046508789, 68.4876937866211, 60.70725631713867, 52.41660690307617, 43.63205337524414, 34.3795051574707, 24.700239181518555, 14.656364440917969, 4.3341145515441895, -6.154302597045898, -16.672134399414062, -27.061779022216797, -37.1517333984375], "h_cross": [0.0, -1.8814604118233547e-05, -0.0012208608677610755, -0.01860749162733555, -0.05732330307364464, -0.06699702888727188, -0.09490279108285904, -0.16747747361660004, -0.2785325050354004, -0.3529910445213318, -0.3233024477958679, -0.17199444770812988, 0.07779139280319214, 0.3483021855354309, 0.5649457573890686, 0.7469650506973267, 0.9890254735946655, 1.3379195928573608, 1.7936830520629883, 2.208172082901001, 2.5596275329589844, 2.950202226638794, 3.557429313659668, 4.384279251098633, 5.396183013916016, 6.3949785232543945, 7.532216548919678, 8.693785667419434, 9.676674842834473, 10.548885345458984, 11.349196434020996, 12.07779312133789, 12.762950897216797, 13.414097785949707, 14.03277587890625, 14.616559028625488, 15.16106128692627, 15.660801887512207, 16.11005210876465, 16.50172996520996, 16.82961654663086, 17.086881637573242, 17.26755142211914, 17.366390228271484, 17.380199432373047, 17.30829429626465, 17.153074264526367, 16.920574188232422, 16.62091827392578, 16.26767349243164, 15.877066612243652], "total_mass": [0.9140170812606812, 1.0611799955368042, 1.709586262702942, 3.652186155319214, 7.7439045906066895, 13.00300121307373, 18.04181480407715, 24.257999420166016, 28.775781631469727, 31.23576545715332, 32.744712829589844, 33.937255859375, 35.081722259521484, 36.2391471862793, 37.38146209716797, 38.50587463378906, 39.642215728759766, 40.858890533447266, 42.20350646972656, 43.6452751159668, 45.124691009521484, 46.61280822753906, 48.10816192626953, 49.643890380859375, 51.27942657470703, 53.06120300292969, 55.013187408447266, 57.15520095825195, 59.49394989013672, 62.01873016357422, 64.71988677978516, 67.5638656616211, 70.51692962646484, 73.55400848388672, 76.6547622680664, 79.80279541015625, 82.98705291748047, 86.20354461669922, 89.45633697509766, 92.75743103027344, 96.12513732910156, 99.58071899414062, 103.14400482177734, 106.82841491699219, 110.63679504394531, 114.55902099609375, 118.57231903076172, 122.64424896240234, 126.7378158569336, 130.8173828125, 134.8541717529297],