{"t": [0.003, 1.5029999999999826, 3.003000000000003, 4.50300000000006, 6.0030000000001165, 7.503000000000173, 9.00300000000023, 10.503000000000286, 12.003000000000343, 13.5030000000004, 15.003000000000457, 16.50300000000051, 18.00300000000057, 19.503000000000625, 21.003000000000682, 22.50300000000074, 24.003000000000796, 25.503000000000853, 27.00300000000091, 28.503000000000966, 30.003000000001023, 31.50300000000108, 33.00300000000114, 34.503000000001194, 36.00300000000125, 37.50300000000131, 39.003000000001364, 40.50300000000142, 42.00300000000148, 43.503000000001535, 45.00300000000159, 46.50300000000165, 48.003000000001705, 49.50300000000176, 51.00300000000182, 52.503000000001876, 54.00300000000193, 55.50300000000199, 57.00300000000205, 58.5030000000021, 60.00300000000216, 61.50300000000222, 63.003000000002274, 64.50300000000233, 66.00300000000239, 67.50300000000244, 69.0030000000025, 70.50300000000256, 72.00300000000261, 73.50300000000267, 75.00300000000273, 76.50300000000279, 78.00300000000284, 79.5030000000029, 81.00300000000296, 82.50300000000301, 84.00300000000307, 85.50300000000313, 87.00300000000318, 88.50300000000324, 90.0030000000033, 91.50300000000335, 93.00300000000341, 94.50300000000347, 96.00300000000352, 97.50300000000358, 99.00300000000364, 100.5030000000037, 102.00300000000375, 103.50300000000381, 105.00300000000387, 106.50300000000392, 108.00300000000398, 109.50300000000404, 111.00300000000409, 112.50300000000415, 114.0030000000042, 115.50300000000426, 117.00300000000432, 118.50300000000438, 120.00300000000443, 121.50300000000449, 123.00300000000455, 124.5030000000046, 126.00300000000466, 127.50300000000472, 129.00300000000001, 130.50299999999297, 132.00299999998592, 133.50299999997887, 135.00299999997182, 136.50299999996477, 138.00299999995772, 139.50299999995067, 141.00299999994363, 142.50299999993658, 144.00299999992953, 145.50299999992248, 147.00299999991543, 148.50299999990838], "central_rho": [0.02223718911409378, 0.014240037649869919, 0.00833505392074585, 0.0036005082074552774, 0.0007708474295213819, 2.1649108020938e-05, 0.0013865989167243242, 0.004881554748862982, 0.010288532823324203, 0.016676073893904686, 0.02207302674651146, 0.02409793995320797, 0.02162621170282364, 0.015811830759048462, 0.00911883544176817, 0.0036556352861225605, 0.0005383517709560692, 0.00023789124679751694, 0.0030649499967694283, 0.009256082586944103, 0.01842421479523182, 0.028493298217654228, 0.0353313647210598, 0.03499880060553551, 0.02739582397043705, 0.016487110406160355, 0.006810381542891264, 0.0010619793320074677, 0.0003862007288262248, 0.0054671140387654305, 0.016784124076366425, 0.0333300456404686, 0.05030883103609085, 0.05942504107952118, 0.05526970699429512, 0.04098069667816162, 0.024361485615372658, 0.011049059219658375, 0.0029441099613904953, 2.2116792024462484e-05, 0.0019428615923970938, 0.008594709448516369, 0.019813697785139084, 0.034524839371442795, 0.04984305799007416, 0.06139913573861122, 0.06567347049713135, 0.0624164342880249, 0.054349206387996674, 0.04480069875717163, 0.0359911285340786, 0.028819648548960686, 0.02335694618523121, 0.01932230032980442, 0.016350574791431427, 0.01409974880516529, 0.012280712835490704, 0.010660998523235321, 0.009068131446838379, 0.00739829707890749, 0.005629583261907101, 0.0038305309135466814, 0.002157635288313031, 0.0008412992465309799, 0.00016495498130097985, 0.000444098433945328, 0.002005224581807852, 0.005153849255293608, 0.010110819712281227, 0.01689775101840496, 0.025182310491800308, 0.034160856157541275, 0.04262246936559677, 0.04928812384605408, 0.05330253019928932, 0.054551560431718826, 0.05358756706118584, 0.05127665773034096, 0.048446279019117355, 0.045701686292886734, 0.04340380057692528, 0.04172627255320549, 0.04072131589055061, 0.040354859083890915, 0.04050661250948906, 0.040958769619464874, 0.04141037538647652, 0.04153390973806381, 0.04105936735868454, 0.039846498519182205, 0.03791070356965065, 0.03539425507187843, 0.03250508010387421, 0.02945474348962307, 0.026416946202516556, 0.023511432111263275, 0.02080683968961239, 0.018332388252019882, 0.016092365607619286, 0.014077986590564251], "central_lapse": [0.884554922580719, 0.10000000149011612, 0.10000000149011612, 0.10000000149011612, 0.10000000149011612, 0.10000000149011612, 0.10000000149011612, 0.10000000149011612, 0.10000000149011612, 0.10000000149011612, 0.10000000149011612, 0.10000000149011612, 0.10000000149011612, 0.10000000149011612, 0.10000000149011612, 0.10000000149011612, 0.10000000149011612, 0.10000000149011612, 0.10000000149011612, 0.10000000149011612, 0.10000000149011612, 0.10000000149011612, 0.10000000149011612, 0.10000000149011612, 0.10000000149011612, 0.10000000149011612, 0.10000000149011612, 0.10000000149011612, 0.10000000149011612, 0.10000000149011612, 0.10000000149011612, 0.10000000149011612, 0.10000000149011612, 0.10000000149011612, 0.10000000149011612, 0.10000000149011612, 0.10000000149011612, 0.10000000149011612, 0.10000000149011612, 0.10000000149011612, 0.10000000149011612, 0.10000000149011612, 0.10000000149011612, 0.10000000149011612, 0.10000000149011612, 0.10000000149011612, 0.10000000149011612, 0.10000000149011612, 0.10000000149011612, 0.10000000149011612, 0.10000000149011612, 0.10000000149011612, 0.10000000149011612, 0.10000000149011612, 0.10000000149011612, 0.10000000149011612, 0.10000000149011612, 0.10000000149011612, 0.10000000149011612, 0.10000000149011612, 0.10000000149011612, 0.10000000149011612, 0.10000000149011612, 0.10000000149011612, 0.10000000149011612, 0.10000000149011612, 0.10000000149011612, 0.10000000149011612, 0.10000000149011612, 0.10000000149011612, 0.10000000149011612, 0.10000000149011612, 0.10000000149011612, 0.10000000149011612, 0.10000000149011612, 0.10000000149011612, 0.10000000149011612, 0.10000000149011612, 0.10000000149011612, 0.10000000149011612, 0.10000000149011612, 0.10000000149011612, 0.10000000149011612, 0.10000000149011612, 0.10000000149011612, 0.10000000149011612, 0.10000000149011612, 0.10000000149011612, 0.10000000149011612, 0.10000000149011612, 0.10000000149011612, 0.10000000149011612, 0.10000000149011612, 0.10000000149011612, 0.10000000149011612, 0.10000000149011612, 0.10000000149011612, 0.10000000149011612, 0.10000000149011612, 0.10000000149011612],