{"t": [0.003, 1.2029999999999934, 2.40299999999998, 3.6030000000000255, 4.803000000000071, 6.0030000000001165, 7.203000000000162, 8.403000000000207, 9.603000000000252, 10.803000000000297, 12.003000000000343, 13.203000000000388, 14.403000000000434, 15.60300000000048, 16.803000000000523, 18.00300000000057, 19.203000000000614, 20.40300000000066, 21.603000000000705, 22.80300000000075, 24.003000000000796, 25.20300000000084, 26.403000000000887, 27.603000000000932, 28.803000000000978, 30.003000000001023, 31.20300000000107, 32.403000000001114, 33.60300000000116, 34.803000000001205, 36.00300000000125, 37.203000000001296, 38.40300000000134, 39.60300000000139, 40.80300000000143, 42.00300000000148, 43.20300000000152, 44.40300000000157, 45.603000000001614, 46.80300000000166, 48.003000000001705, 49.20300000000175, 50.403000000001796, 51.60300000000184, 52.80300000000189, 54.00300000000193, 55.20300000000198, 56.403000000002024, 57.60300000000207, 58.803000000002115, 60.00300000000216, 61.203000000002206, 62.40300000000225, 63.6030000000023, 64.80300000000234, 66.00300000000239, 67.20300000000243, 68.40300000000248, 69.60300000000252, 70.80300000000257, 72.00300000000261, 73.20300000000266, 74.4030000000027, 75.60300000000275, 76.8030000000028, 78.00300000000284, 79.20300000000289, 80.40300000000293, 81.60300000000298, 82.80300000000302, 84.00300000000307, 85.20300000000312, 86.40300000000316, 87.6030000000032, 88.80300000000325, 90.0030000000033, 91.20300000000334, 92.40300000000339, 93.60300000000343, 94.80300000000348, 96.00300000000352, 97.20300000000357, 98.40300000000362, 99.60300000000366, 100.8030000000037, 102.00300000000375, 103.2030000000038, 104.40300000000384], "central_rho": [0.001673045800998807, 0.0012453191448003054, 0.0003520975005812943, 1.0851205843209755e-05, 2.238265187770594e-05, 6.426644540624693e-05, 0.0001315879781031981, 0.0002223967749159783, 0.00033570293453522027, 0.00047068664571270347, 0.0006262926035560668, 0.0008009694283828139, 0.0009924893965944648, 0.0011978242546319962, 0.001413085963577032, 0.001633545383810997, 0.0018537476425990462, 0.0020677351858466864, 0.002269401680678129, 0.002452948596328497, 0.0026134601794183254, 0.002747494960203767, 0.0028536103200167418, 0.0029327021911740303, 0.002988024614751339, 0.0030248318798840046, 0.003049782942980528, 0.003070190316066146, 0.003093388397246599, 0.0031263441778719425, 0.0031756118405610323, 0.0032474969048053026, 0.0033482396975159645, 0.003484349697828293, 0.003662609728053212, 0.0038900263607501984, 0.004173570778220892, 0.00451977364718914, 0.00493422569707036, 0.00542100565508008, 0.00598205765709281, 0.006616660859435797, 0.00732097402215004, 0.008087588474154472, 0.008905661292374134, 0.00976107083261013, 0.010637062601745129, 0.011515257880091667, 0.012376830913126469, 0.013203767128288746, 0.013979957439005375, 0.014691946096718311, 0.015329165384173393, 0.01588381640613079, 0.016350548714399338, 0.016726208850741386, 0.01700994372367859, 0.017203740775585175, 0.017313212156295776, 0.017348095774650574, 0.017322665080428123, 0.017254875972867012, 0.01716538332402706, 0.017075715586543083, 0.017006291076540947, 0.016974370926618576, 0.016992174088954926, 0.01706533320248127, 0.017191879451274872, 0.01736178621649742, 0.01755734160542488, 0.017754342406988144, 0.017924422398209572, 0.018038056790828705, 0.018068166449666023, 0.017994122579693794, 0.017804298549890518, 0.017499001696705818, 0.01709056831896305, 0.01660253293812275, 0.01606689766049385, 0.015520567074418068, 0.015001367777585983, 0.014544331468641758, 0.014178460463881493, 0.013925053179264069, 0.01379682682454586, 0.013798210769891739], "central_lapse": [0.8671032786369324, 0.8626233339309692, 0.6823714971542358, 0.10000000149011612, 0.10000000149011612, 0.10000000149011612, 0.10000000149011612, 0.10000000149011612, 0.10000000149011612, 0.10000000149011612, 0.10000000149011612, 0.10000000149011612, 0.10000000149011612, 0.10000000149011612, 0.10000000149011612, 0.10000000149011612, 0.10000000149011612, 0.10000000149011612, 0.10000000149011612, 0.10000000149011612, 0.10000000149011612, 0.10000000149011612, 0.10000000149011612, 0.10000000149011612, 0.10000000149011612, 0.10000000149011612, 0.10000000149011612, 0.10000000149011612, 0.10000000149011612, 0.10000000149011612, 0.10000000149011612, 0.10000000149011612, 0.10000000149011612, 0.10000000149011612, 0.10000000149011612, 0.10000000149011612, 0.10000000149011612, 0.10000000149011612, 0.10000000149011612, 0.10000000149011612, 0.10000000149011612, 0.10000000149011612, 0.10000000149011612, 0.10000000149011612, 0.10000000149011612, 0.10000000149011612, 0.10000000149011612, 0.10000000149011612, 0.10000000149011612, 0.10000000149011612, 0.10000000149011612, 0.10000000149011612, 0.10000000149011612, 0.10000000149011612, 0.10000000149011612, 0.10000000149011612, 0.10000000149011612, 0.10000000149011612, 0.10000000149011612, 0.10000000149011612, 0.10000000149011612, 0.10000000149011612, 0.10000000149011612, 0.10000000149011612, 0.10000000149011612, 0.10000000149011612, 0.10000000149011612, 0.10000000149011612, 0.10000000149011612, 0.10000000149011612, 0.10000000149011612, 0.10000000149011612, 0.10000000149011612, 0.10000000149011612, 0.10000000149011612, 0.10000000149011612, 0.10000000149011612, 0.10000000149011612, 0.10000000149011612, 0.10000000149011612, 0.10000000149011612, 0.10000000149011612, 0.10000000149011612, 0.10000000149011612, 0.10000000149011612, 0.10000000149011612, 0.10000000149011612, 0.10000000149011612], "K5_max": [0.2727035880088806, 0.18294401466846466, 0.20030933618545532, 0.1928437054157257, 0.1940005123615265, 0.19486646354198456, 0.19260042905807495, 0.18946298956871033, 0.18261076509952545, 0.18173028528690338, 0.18194963037967682, 0.18137510120868683, 0.17909559607505798, 0.17487072944641113, 0.16790713369846344, 0.15641145408153534, 0.14114350080490112, 0.12314864248037338, 0.10429974645376205, 0.08605881035327911, 0.07499651610851288, 0.07081389427185059, 0.06763444095849991, 0.0649145096540451, 0.06256725639104843, 0.060507096350193024, 0.05867736041545868, 0.057039763778448105, 0.056490208953619, 0.056488461792469025, 0.05645998939871788, 0.05640525743365288, 0.056326378136873245, 0.056226618587970734, 0.056110020726919174, 0.05598106235265732, 0.055885691195726395, 0.05584336072206497, 0.05578067898750305, 0.055700160562992096, 0.05560455098748207, 0.0554967038333416, 0.05537960305809975, 0.055256251245737076, 0.05512963980436325, 0.055002640932798386, 0.054923754185438156, 0.05508800595998764, 0.05523360148072243, 0.055359479039907455, 0.055464405566453934, 0.05554720014333725, 0.0556066520512104, 0.05570197105407715, 0.055851370096206665, 0.05625161901116371, 0.056585364043712616, 0.056853726506233215, 0.05705970153212547, 0.057207126170396805, 0.05730107054114342, 0.057507120072841644, 0.05786381661891937, 0.05815993994474411, 0.05839603394269943, 0.058573540300130844, 0.058694690465927124, 0.05876338481903076, 0.058784689754247665, 0.05876515805721283, 0.05871254578232765, 0.05863548442721367, 0.05865982919931412, 0.05879693478345871, 0.05892692506313324, 0.059054650366306305, 0.05918401479721069, 0.0593455471098423, 0.059513159096241, 0.05966304615139961, 0.05979197099804878, 0.059897176921367645, 0.060006510466337204, 0.06011869013309479, 0.0602097250521183, 0.060275524854660034, 0.06031367927789688, 0.060323964804410934],