{"t": [0.003, 1.5029999999999826, 3.003000000000003, 4.50300000000006, 6.0030000000001165, 7.503000000000173, 9.00300000000023, 10.503000000000286, 12.003000000000343, 13.5030000000004, 15.003000000000457, 16.50300000000051, 18.00300000000057, 19.503000000000625, 21.003000000000682, 22.50300000000074, 24.003000000000796, 25.503000000000853, 27.00300000000091, 28.503000000000966, 30.003000000001023], "central_rho": [0.02223718911409378, 0.014240037649869919, 0.00833505392074585, 0.0036005082074552774, 0.0007708474295213819, 2.1649108020938e-05, 0.0013865989167243242, 0.004881554748862982, 0.010288532823324203, 0.016676073893904686, 0.02207302674651146, 0.02409793995320797, 0.02162621170282364, 0.015811830759048462, 0.00911883544176817, 0.0036556352861225605, 0.0005383517709560692, 0.00023789124679751694, 0.0030649499967694283, 0.009256082586944103, 0.01842421479523182], "central_lapse": [0.884554922580719, 0.10000000149011612, 0.10000000149011612, 0.10000000149011612, 0.10000000149011612, 0.10000000149011612, 0.10000000149011612, 0.10000000149011612, 0.10000000149011612, 0.10000000149011612, 0.10000000149011612, 0.10000000149011612, 0.10000000149011612, 0.10000000149011612, 0.10000000149011612, 0.10000000149011612, 0.10000000149011612, 0.10000000149011612, 0.10000000149011612, 0.10000000149011612, 0.10000000149011612], "K5_max": [0.20508435368537903, 0.09625227749347687, 0.1896984875202179, 0.1587136834859848, 0.12636590003967285, 0.1063714548945427, 0.09104418009519577, 0.07795269787311554, 0.06650327146053314, 0.05877625197172165, 0.053970761597156525, 0.051265861839056015, 0.0490039698779583, 0.04723387584090233, 0.04601142182946205, 0.045420460402965546, 0.04494420066475868, 0.04455053061246872, 0.04421692341566086, 0.043931905180215836, 0.04367876052856445], "h_plus": [0.5720090270042419, 8.817309379577637, 23.569787979125977, 2.219043731689453, -9.4989652633667, -19.34685707092285, -30.68524742126465, -43.36827087402344, -53.6762580871582, -59.792945861816406, -61.4588623046875, -59.23759078979492, -53.83683776855469, -46.416900634765625, -38.53554916381836, -33.80055618286133, -36.82988739013672, -50.47458267211914, -73.45333862304688, -100.3993911743164, -124.76597595214844], "h_cross": [3.6834535421803594e-08, 0.01835738681256771, -0.0969470739364624, -0.2599845230579376, -0.144625723361969, -0.007639610208570957, 0.13363713026046753, 0.24505600333213806, 0.3194105923175812, 0.41022011637687683, 0.5816868543624878, 0.8712387681007385, 1.2992238998413086, 1.8798489570617676, 2.6166651248931885, 3.500999927520752, 4.487893581390381, 5.507046222686768, 6.496903419494629, 7.441817760467529, 8.375304222106934], "total_mass": [0.8788955211639404, 5.861883640289307, 22.14024543762207, 36.66944885253906, 39.613643646240234, 40.67075729370117, 41.53318786621094, 42.52770233154297, 43.816715240478516, 45.53565979003906, 47.653724670410156, 50.18033981323242, 53.34221649169922, 57.22450637817383, 61.590232849121094, 66.12349700927734, 70.67037963867188, 75.29388427734375, 80.16280364990234, 85.38357543945312, 90.86027526855469]}