{"t": [0.0025, 1.2524999999999844, 2.5024999999999578, 3.752499999999931, 5.002500000000082, 6.2525000000002775, 7.502500000000473, 8.752500000000401, 10.002500000000152, 11.252499999999904, 12.502499999999655, 13.752499999999406, 15.002499999999158, 16.25249999999909, 17.502499999999728, 18.752500000000367, 20.002500000001007, 21.252500000001646, 22.502500000002286, 23.752500000002925, 25.002500000003565, 26.252500000004204, 27.502500000004844, 28.752500000005483, 30.002500000006123, 31.252500000006762, 32.502500000006684, 33.75250000000555, 35.00250000000441, 36.25250000000327, 37.50250000000214], "central_rho": [0.03131287544965744, 0.03290547803044319, 0.037200573831796646, 0.043562956154346466, 0.05186410993337631, 0.06235567480325699, 0.07554465532302856, 0.09205766022205353, 0.1125023290514946, 0.13743698596954346, 0.16801223158836365, 0.20511062443256378, 0.2431291937828064, 0.27524152398109436, 0.29550838470458984, 0.28416353464126587, 0.22786623239517212, 0.14182892441749573, 0.0551760196685791, 0.003695123130455613, 0.018999574705958366, 0.13381364941596985, 0.4096606373786926, 0.9340201616287231, 1.7655788660049438, 2.8113083839416504, 3.74021315574646, 4.165635585784912, 4.004261016845703, 3.5345935821533203, 3.111623525619507], "central_lapse": [0.1999901384115219, 0.1862141638994217, 0.1616799682378769, 0.14332422614097595, 0.13148804008960724, 0.12480383366346359, 0.1217518150806427, 0.12106070667505264, 0.1218005046248436, 0.12333214282989502, 0.12523247301578522, 0.12723113596439362, 0.12916217744350433, 0.1309301257133484, 0.13248495757579803, 0.13380636274814606, 0.13489258289337158, 0.13575291633605957, 0.13640308380126953, 0.1368619203567505, 0.1371491253376007, 0.13728450238704681, 0.13728678226470947, 0.13717347383499146, 0.13696080446243286, 0.13666276633739471, 0.13629254698753357, 0.1358615607023239, 0.1353798806667328, 0.13485628366470337, 0.13429921865463257], "K5_max": [0.246026873588562, 0.10482706874608994, 0.0985613688826561, 0.13288284838199615, 0.19190146028995514, 0.22864015400409698, 0.25551435351371765, 0.27163970470428467, 0.3146776556968689, 0.3645050525665283, 0.3867664933204651, 0.4017844796180725, 0.44533324241638184, 0.503208577632904, 0.5350490212440491, 0.5340217351913452, 0.528083324432373, 0.5359506011009216, 0.5452782511711121, 0.5506062507629395, 0.5473625659942627, 0.547551155090332, 0.5427466034889221, 0.5334650874137878, 0.5327720046043396, 0.5327348709106445, 0.5297040343284607, 0.5249825119972229, 0.5189707279205322, 0.5126346945762634, 0.5064770579338074], "h_plus": [3.875553523935427e-12, 8.446879805855401e-13, 1.3391807107687725e-10, 1.6102900346481874e-08, 3.1454167128686095e-06, 0.00042740628123283386, 0.03339288383722305, 1.6408939361572266, 36.71533966064453, 138.6157684326172, 298.5649108886719, 5543.25390625, 39261.1640625, 29022.451171875, 16313.150390625, 9933.1884765625, 13104.720703125, 7607.50146484375, 1120.111328125, -3193.1240234375, -4864.134765625, -4889.31201171875, -3864.50830078125, -2749.4873046875, -1419.185546875, -130.90576171875, 881.154296875, 1520.880859375, 1963.19384765625, 2435.8427734375, 3028.7822265625], "h_cross": [-5.421010862427522e-20, 4.573977915173222e-20, -3.7643499428696714e-16, -7.123746037507317e-13, -1.3608172366730287e-09, -1.986954885069281e-06, -0.00032370747067034245, -0.019587919116020203, -0.3194378614425659, -0.5858712196350098, 0.5904388427734375, 26.7972412109375, -394.704345703125, 1882.297607421875, 1738.898193359375, -357.197998046875, -1237.3876953125, 1629.126708984375, 3602.067626953125, 3302.31982421875, 2669.939208984375, 1991.96435546875, 1519.892578125, 1432.149658203125, 1397.08056640625, 1644.413818359375, 2197.72412109375, 2841.28369140625, 3405.22509765625, 3776.966064453125, 3943.5986328125], "total_mass": [1.3091459274291992, 1.2184171676635742, 1.30271315574646, 2.3768081665039062, 10.367151260375977, 68.25879669189453, 529.05517578125, 3661.984130859375, 12770.9912109375, 23535.0, 35689.51171875, 53118.328125, 79421.6875, 100119.359375, 112176.46875, 122619.046875, 133787.375, 143770.46875, 151862.5625, 159645.453125, 167959.40625, 175833.125, 182666.875, 188989.734375, 195141.875, 201227.390625, 207269.453125, 213255.34375, 219093.84375, 224724.984375, 230176.65625], "binary_sep": [2.7680459022521973, 2.7098522186279297, 2.753714084625244, 3.7155678272247314, 5.529035568237305, 7.0978875160217285, 8.173779487609863, 8.738179206848145, 8.84185791015625, 9.216769218444824, 9.959782600402832, 11.076796531677246, 11.709168434143066, 11.52970027923584, 11.430343627929688, 11.598103523254395, 11.658670425415039, 11.647915840148926, 11.60177993774414, 11.58713150024414, 11.59686279296875, 11.591192245483398, 11.575331687927246, 11.55897045135498, 11.544757843017578, 11.532944679260254, 11.52174186706543, 11.512015342712402, 11.502472877502441, 11.492055892944336, 11.480703353881836], "circ_pol": [1.3987707183296104e-08, 5.414990828118619e-08, 2.8109271073620916e-06, 4.423694335482672e-05, 0.00043244786886078326, 0.004627354876460376, 0.009600836208924811, 0.011796527046540259, 0.008625348464752002, 0.004208795392774174, 0.0019736863917141387, 0.0048109506540443174, 0.009953239244194115, 0.060906419944200554, 0.09632691742820318, 0.03471181562793873, 0.08627655439051814, 0.17637677714476868, 0.7627977806896841, 0.5084055688373513, 0.35438186802815475, 0.2894759996804054, 0.2822770095145183, 0.3424854120318298, 0.49607548087084086, 0.9262635509754309, 0.7138067252891622, 0.6513472058034548, 0.6343068848286446, 0.6079321226525105, 0.5656028711498129], "Lz": [0.030921075493097305, 0.0359911173582077, 0.062056005001068115, 0.20865947008132935, 1.5014030933380127, 15.889043807983398, 176.20559692382812, 1481.837890625, 6241.8798828125, 15396.8291015625, 30289.5390625, 54735.9140625, 79939.8671875, 90836.953125, 96057.265625, 102362.015625, 100668.3203125, 95659.46875, 92387.921875, 91097.7890625, 88955.8125, 85952.53125, 83767.78125, 82596.09375, 82723.6875, 83678.140625, 85315.8984375, 87389.265625, 89669.859375, 91885.0625, 93955.578125], "alpha_min": [0.19963033497333527, 0.16958822309970856, 0.1520398110151291, 0.14114421606063843, 0.13148804008960724, 0.12480383366346359, 0.1217518150806427, 0.12106070667505264, 0.1218005046248436, 0.12333186715841293, 0.12523114681243896, 0.12722785770893097, 0.12915661931037903, 0.13092276453971863, 0.13247627019882202, 0.133796826004982, 0.13488243520259857, 0.13574248552322388, 0.1363924890756607, 0.13685134053230286, 0.1371387094259262, 0.13727428019046783, 0.13727687299251556, 0.13716377317905426, 0.1369512677192688, 0.1366536170244217, 0.1362837702035904, 0.13493971526622772, 0.1284181922674179, 0.12231455743312836, 0.11658622324466705]}