{"t": [0.0025, 1.2524999999999844, 2.5024999999999578, 3.752499999999931, 5.002500000000082, 6.2525000000002775, 7.502500000000473, 8.752500000000401, 10.002500000000152, 11.252499999999904, 12.502499999999655, 13.752499999999406, 15.002499999999158, 16.25249999999909, 17.502499999999728, 18.752500000000367, 20.002500000001007, 21.252500000001646, 22.502500000002286, 23.752500000002925, 25.002500000003565, 26.252500000004204, 27.502500000004844, 28.752500000005483, 30.002500000006123, 31.252500000006762, 32.502500000006684, 33.75250000000555, 35.00250000000441, 36.25250000000327, 37.50250000000214, 38.752500000001, 40.00249999999986, 41.252499999998726, 42.50249999999759, 43.75249999999645, 45.002499999995315, 46.25249999999418, 47.50249999999304, 48.752499999991905, 50.00249999999077, 51.25249999998963, 52.502499999988494, 53.75249999998736, 55.00249999998622, 56.25249999998508, 57.50249999998395, 58.75249999998281, 60.00249999998167, 61.252499999980536, 62.5024999999794], "central_rho": [0.0015840785345062613, 0.0016025821678340435, 0.0009746145806275308, 0.0006958165904507041, 0.0005450925673358142, 0.00041091666207648814, 0.00028976454632356763, 0.00018333971092943102, 9.643557132221758e-05, 3.5888351703761145e-05, 9.586687156115659e-06, 2.516891800041776e-05, 8.833830361254513e-05, 0.0002009357704082504, 0.00035911958548240364, 0.0005521512939594686, 0.0007623317651450634, 0.0009663951932452619, 0.0011383616365492344, 0.0012535081477835774, 0.0012932266108691692, 0.0012512137182056904, 0.0011426531709730625, 0.0010196409421041608, 0.0009974002605304122, 0.001295970636419952, 0.0022999439388513565, 0.004633039236068726, 0.009234115481376648, 0.017406828701496124, 0.030797505751252174, 0.05123850330710411, 0.08039118349552155, 0.11916859447956085, 0.16705536842346191, 0.22163429856300354, 0.2786860167980194, 0.33297470211982727, 0.37940436601638794, 0.41406384110450745, 0.43482980132102966, 0.4414720833301544, 0.4353717267513275, 0.4190033972263336, 0.3953576385974884, 0.3674169182777405, 0.3377942740917206, 0.30855047702789307, 0.28115761280059814, 0.25658270716667175, 0.2353963851928711], "central_lapse": [0.9577983617782593, 0.8440383672714233, 0.3759270906448364, 0.10000000149011612, 0.10000000149011612, 0.10000000149011612, 0.10000000149011612, 0.10000000149011612, 0.10000000149011612, 0.10000000149011612, 0.10000000149011612, 0.10000000149011612, 0.10000000149011612, 0.10000000149011612, 0.10000000149011612, 0.10000000149011612, 0.10000000149011612, 0.10000000149011612, 0.10000000149011612, 0.10000000149011612, 0.10000000149011612, 0.10000000149011612, 0.10000000149011612, 0.10000000149011612, 0.10000000149011612, 0.10000000149011612, 0.10000000149011612, 0.10000000149011612, 0.10000000149011612, 0.10000000149011612, 0.10000000149011612, 0.10000000149011612, 0.10000000149011612, 0.10000000149011612, 0.10000000149011612, 0.10000000149011612, 0.10000000149011612, 0.10000000149011612, 0.10000000149011612, 0.10000000149011612, 0.10000000149011612, 0.10000000149011612, 0.10000000149011612, 0.10000000149011612, 0.10000000149011612, 0.10000000149011612, 0.10000000149011612, 0.10000000149011612, 0.10000000149011612, 0.10000000149011612, 0.10000000149011612], "K5_max": [0.2418939173221588, 0.23055057227611542, 0.1998027116060257, 0.17180998623371124, 0.148878812789917, 0.21062897145748138, 0.2088787853717804, 0.20034648478031158, 0.19856299459934235, 0.1968468278646469, 0.19589856266975403, 0.19463129341602325, 0.18447722494602203, 0.17339713871479034, 0.15786953270435333, 0.13344980776309967, 0.09797082096338272, 0.09045477211475372, 0.08556459844112396, 0.08162161707878113, 0.07831413298845291, 0.07550891488790512, 0.07367203384637833, 0.07367757707834244, 0.07362489402294159, 0.07345834374427795, 0.07313355803489685, 0.07262969017028809, 0.07229607552289963, 0.07195746153593063, 0.0727100670337677, 0.07337827235460281, 0.07391168177127838, 0.07425900548696518, 0.07462788373231888, 0.07526065409183502, 0.07571503520011902, 0.07581481337547302, 0.07571767270565033, 0.0753413736820221, 0.07471642643213272, 0.07388770580291748, 0.0729123130440712, 0.07192496210336685, 0.0713321790099144, 0.07143360376358032, 0.0722685232758522, 0.07416113466024399, 0.07595100998878479, 0.07709125429391861, 0.07743525505065918], "h_plus": [4.126576641283464e-06, 1.7260699678445235e-06, 0.0003122338093817234, 0.04461105540394783, 5.4707841873168945, 79.09607696533203, 83.09148406982422, 64.31834411621094, 32.59910202026367, 11.069480895996094, -8.393104553222656, -42.585289001464844, -101.44943237304688, -176.8048858642578, -228.21795654296875, -246.32440185546875, -258.483642578125, -283.019287109375, -314.7479248046875, -351.9863586425781, -394.9396057128906, -444.1964111328125, -500.53948974609375, -564.89501953125, -638.3154296875, -721.9701538085938, -817.13232421875, -925.1566162109375, -1047.444091796875, -1185.38623046875, -1340.28564453125, -1513.2454833984375, -1705.03125, -1915.8984375, -2145.40234375, -2392.205078125, -2653.90771484375, -2926.942626953125, -3206.5751953125, -3487.0400390625, -3761.8369140625, -4024.187255859375, -4267.60595703125, -4486.5361328125, -4676.9443359375, -4836.7822265625, -4966.19921875, -5067.4560546875, -5144.4541015625, -5201.93115234375, -5244.4326171875], "h_cross": [1.2434497875801753e-14, -1.0037304321031115e-11, -4.4516127672977746e-08, -2.322730142623186e-05, -0.007050871849060059, -0.07218003273010254, -0.062242984771728516, -0.09289312362670898, -0.1365523338317871, -0.16789913177490234, -0.19523358345031738, -0.05922985076904297, 0.3982119560241699, 0.8878889083862305, 0.3455204963684082, 0.6425721645355225, 1.5084447860717773, 1.9934403896331787, 2.4394993782043457, 2.989225387573242, 3.6887621879577637, 4.575668811798096, 5.690351963043213, 7.0799455642700195, 8.80026626586914, 10.917364120483398, 13.508630752563477, 16.66387939453125, 20.485828399658203, 25.09041976928711, 30.605670928955078, 37.16995620727539, 44.92904281616211, 54.030540466308594, 64.61845397949219, 76.82451629638672, 90.75947570800781, 106.50230407714844, 124.08741760253906, 143.49118041992188, 164.61483764648438, 187.271484375, 211.168701171875, 235.91119384765625, 261.0173034667969, 285.9698486328125, 310.29248046875, 333.6486511230469, 355.9417724609375, 377.38092041015625, 398.50994873046875], "total_mass": [0.3770698308944702, 1.1302989721298218, 3.6119046211242676, 6.6415815353393555, 10.875505447387695, 31.265817642211914, 47.86482620239258, 58.456512451171875, 65.35594940185547, 69.50371551513672, 73.93872833251953, 80.39268493652344, 89.1500244140625, 100.19744873046875, 114.39169311523438, 133.8725128173828, 159.633056640625, 191.63189697265625, 229.75711059570312, 274.3385314941406, 325.82550048828125, 384.74627685546875, 451.7102355957031, 527.345703125, 612.1801147460938, 706.556640625, 810.697021484375, 924.8961791992188, 1049.616943359375, 1185.205810546875, 1331.2701416015625, 1486.306396484375, 1648.346435546875, 1816.6007080078125, 1992.7669677734375, 2180.463134765625, 2382.844970703125, 2600.11474609375, 2828.8125, 3063.700927734375, 3301.307373046875, 3542.607421875, 3792.3623046875, 4055.14111328125, 4331.080078125, 4614.69921875, 4897.4208984375, 5171.884765625, 5435.3681640625, 5690.17333984375, 5940.96337890625],