{"t": [0.0025, 1.2524999999999844, 2.5024999999999578, 3.752499999999931, 5.002500000000082, 6.2525000000002775, 7.502500000000473, 8.752500000000401, 10.002500000000152, 11.252499999999904, 12.502499999999655, 13.752499999999406, 15.002499999999158, 16.25249999999909, 17.502499999999728, 18.752500000000367, 20.002500000001007, 21.252500000001646, 22.502500000002286, 23.752500000002925, 25.002500000003565, 26.252500000004204, 27.502500000004844, 28.752500000005483, 30.002500000006123, 31.252500000006762, 32.502500000006684, 33.75250000000555, 35.00250000000441, 36.25250000000327, 37.50250000000214], "central_rho": [0.0015840785345062613, 0.0016025821678340435, 0.0009746145806275308, 0.0006958165904507041, 0.0005450925673358142, 0.00041091666207648814, 0.00028976454632356763, 0.00018333971092943102, 9.643557132221758e-05, 3.5888351703761145e-05, 9.586687156115659e-06, 2.516891800041776e-05, 8.833830361254513e-05, 0.0002009357704082504, 0.00035911958548240364, 0.0005521512939594686, 0.0007623317651450634, 0.0009663951932452619, 0.0011383616365492344, 0.0012535081477835774, 0.0012932266108691692, 0.0012512137182056904, 0.0011426531709730625, 0.0010196409421041608, 0.0009974002605304122, 0.001295970636419952, 0.0022999439388513565, 0.004633039236068726, 0.009234115481376648, 0.017406828701496124, 0.030797505751252174], "central_lapse": [0.9577983617782593, 0.8440383672714233, 0.3759270906448364, 0.10000000149011612, 0.10000000149011612, 0.10000000149011612, 0.10000000149011612, 0.10000000149011612, 0.10000000149011612, 0.10000000149011612, 0.10000000149011612, 0.10000000149011612, 0.10000000149011612, 0.10000000149011612, 0.10000000149011612, 0.10000000149011612, 0.10000000149011612, 0.10000000149011612, 0.10000000149011612, 0.10000000149011612, 0.10000000149011612, 0.10000000149011612, 0.10000000149011612, 0.10000000149011612, 0.10000000149011612, 0.10000000149011612, 0.10000000149011612, 0.10000000149011612, 0.10000000149011612, 0.10000000149011612, 0.10000000149011612], "K5_max": [0.2418939173221588, 0.23055057227611542, 0.1998027116060257, 0.17180998623371124, 0.148878812789917, 0.21062897145748138, 0.2088787853717804, 0.20034648478031158, 0.19856299459934235, 0.1968468278646469, 0.19589856266975403, 0.19463129341602325, 0.18447722494602203, 0.17339713871479034, 0.15786953270435333, 0.13344980776309967, 0.09797082096338272, 0.09045477211475372, 0.08556459844112396, 0.08162161707878113, 0.07831413298845291, 0.07550891488790512, 0.07367203384637833, 0.07367757707834244, 0.07362489402294159, 0.07345834374427795, 0.07313355803489685, 0.07262969017028809, 0.07229607552289963, 0.07195746153593063, 0.0727100670337677], "h_plus": [4.126576641283464e-06, 1.7260699678445235e-06, 0.0003122338093817234, 0.04461105540394783, 5.4707841873168945, 79.09607696533203, 83.09148406982422, 64.31834411621094, 32.59910202026367, 11.069480895996094, -8.393104553222656, -42.585289001464844, -101.44943237304688, -176.8048858642578, -228.21795654296875, -246.32440185546875, -258.483642578125, -283.019287109375, -314.7479248046875, -351.9863586425781, -394.9396057128906, -444.1964111328125, -500.53948974609375, -564.89501953125, -638.3154296875, -721.9701538085938, -817.13232421875, -925.1566162109375, -1047.444091796875, -1185.38623046875, -1340.28564453125], "h_cross": [1.2434497875801753e-14, -1.0037304321031115e-11, -4.4516127672977746e-08, -2.322730142623186e-05, -0.007050871849060059, -0.07218003273010254, -0.062242984771728516, -0.09289312362670898, -0.1365523338317871, -0.16789913177490234, -0.19523358345031738, -0.05922985076904297, 0.3982119560241699, 0.8878889083862305, 0.3455204963684082, 0.6425721645355225, 1.5084447860717773, 1.9934403896331787, 2.4394993782043457, 2.989225387573242, 3.6887621879577637, 4.575668811798096, 5.690351963043213, 7.0799455642700195, 8.80026626586914, 10.917364120483398, 13.508630752563477, 16.66387939453125, 20.485828399658203, 25.09041976928711, 30.605670928955078], "total_mass": [0.3770698308944702, 1.1302989721298218, 3.6119046211242676, 6.6415815353393555, 10.875505447387695, 31.265817642211914, 47.86482620239258, 58.456512451171875, 65.35594940185547, 69.50371551513672, 73.93872833251953, 80.39268493652344, 89.1500244140625, 100.19744873046875, 114.39169311523438, 133.8725128173828, 159.633056640625, 191.63189697265625, 229.75711059570312, 274.3385314941406, 325.82550048828125, 384.74627685546875, 451.7102355957031, 527.345703125, 612.1801147460938, 706.556640625, 810.697021484375, 924.8961791992188, 1049.616943359375, 1185.205810546875, 1331.2701416015625], "binary_sep": [5.784633636474609, 5.9540228843688965, 6.201817989349365, 6.566617012023926, 6.941277027130127, 7.161701679229736, 7.232378005981445, 7.2897868156433105, 7.345389366149902, 7.408419609069824, 7.492931365966797, 7.608588695526123, 7.70108699798584, 7.7419610023498535, 7.781201362609863, 7.83371639251709, 7.893322944641113, 7.955453395843506, 8.019914627075195, 8.086833953857422, 8.15649700164795, 8.229456901550293, 8.306351661682129, 8.387548446655273, 8.472736358642578, 8.560647010803223, 8.64917278289795, 8.735919952392578, 8.8190279006958, 8.897740364074707, 8.972290992736816], "circ_pol": [3.013271997406985e-09, 5.815086375538874e-06, 0.0001425527295253742, 0.0005203915021902043, 0.0012871639567281188, 0.0009117294666708319, 0.0007485291035825954, 0.0014421881585788823, 0.004171364114330082, 0.014941127857202688, 0.02273240530861873, 0.0013889206013621203, 0.003909878904391171, 0.004996764272054813, 0.0015117047607258007, 0.002601854628884404, 0.005801887285741695, 0.006994215336015532, 0.007691034360800251, 0.008420932374096296, 0.009253636933524201, 0.010195974786049179, 0.011240648998153495, 0.012378068965112251, 0.01359921621574032, 0.014896370661807193, 0.016262899959020204, 0.017693264769969283, 0.019182745995063193, 0.020727718923246593, 0.022325381001250873], "Lz": [0.034337520599365234, 0.09097406268119812, 0.42130863666534424, 0.9196112155914307, 1.5576317310333252, 2.2987172603607178, 3.0994439125061035, 4.091208457946777, 5.339673042297363, 6.937953948974609, 9.068313598632812, 12.098819732666016, 16.410127639770508, 21.81317901611328, 27.670970916748047, 34.27745056152344, 42.184207916259766, 51.73032760620117, 63.162715911865234, 76.75491333007812, 92.82028198242188, 111.71308898925781, 133.83888244628906, 159.66761779785156, 189.74195861816406, 224.67352294921875, 265.12408447265625, 311.77996826171875, 365.3330993652344, 426.48040771484375, 495.93280029296875]}