{"t": [0.0025, 1.2524999999999844, 2.5024999999999578, 3.752499999999931, 5.002500000000082, 6.2525000000002775, 7.502500000000473, 8.752500000000401, 10.002500000000152, 11.252499999999904, 12.502499999999655], "central_rho": [0.011697922833263874, 0.010571649298071861, 0.009212515316903591, 0.008780600503087044, 0.008390271104872227, 0.008029406890273094, 0.007695147302001715, 0.007389219012111425, 0.007116444408893585, 0.006884199101477861, 0.0067024133168160915], "central_lapse": [0.7104573249816895, 0.5777513980865479, 0.10000000149011612, 0.10000000149011612, 0.10000000149011612, 0.10000000149011612, 0.10000000149011612, 0.10000000149011612, 0.10000000149011612, 0.10000000149011612, 0.10000000149011612], "K5_max": [0.2511609196662903, 0.16495893895626068, 0.12349124252796173, 0.09576138854026794, 0.19103626906871796, 0.18859046697616577, 0.1874055564403534, 0.17942023277282715, 0.174814835190773, 0.172764852643013, 0.17159171402454376], "h_plus": [0.0003166069509461522, 0.00039484235458076, 0.029967639595270157, 3.478440999984741, 60.61119842529297, 60.685401916503906, 44.65674591064453, 19.010940551757812, 2.398686170578003, -9.76624584197998, -22.740047454833984], "h_cross": [-1.1368683772161603e-12, -2.79751475318335e-08, -2.853886689990759e-05, -0.00904751569032669, -0.08798027038574219, -0.03377652168273926, -0.03514266014099121, -0.05264902114868164, -0.08008480072021484, -0.08753299713134766, -0.08783578872680664], "total_mass": [1.3621323108673096, 1.824793815612793, 3.2630677223205566, 5.431575298309326, 15.192255020141602, 24.754777908325195, 30.49615478515625, 34.383968353271484, 36.66509246826172, 38.666053771972656, 40.93903350830078], "binary_sep": [6.802814960479736, 6.896646022796631, 7.111118316650391, 7.438543796539307, 7.671245098114014, 7.816887378692627, 7.960998058319092, 8.102584838867188, 8.240187644958496, 8.372087478637695, 8.495427131652832], "circ_pol": [3.5907877882544128e-09, 7.084641571090704e-05, 0.0009514167591681595, 0.0025942782749423265, 0.0014494474600198449, 0.0005562743527092423, 0.0007863319556373254, 0.002761758007185979, 0.03230826956081048, 0.008883190759662096, 0.003847741281556758], "Lz": [0.913397490978241, 1.2670764923095703, 2.14509916305542, 2.9929330348968506, 3.8823628425598145, 4.765463352203369, 5.841485023498535, 7.176275253295898, 8.838765144348145, 10.914983749389648, 13.513944625854492]}