{"t": [0.0025, 1.2524999999999844, 2.5024999999999578, 3.752499999999931, 5.002500000000082, 6.2525000000002775, 7.502500000000473, 8.752500000000401, 10.002500000000152, 11.252499999999904, 12.502499999999655, 13.752499999999406, 15.002499999999158, 16.25249999999909, 17.502499999999728, 18.752500000000367, 20.002500000001007, 21.252500000001646, 22.502500000002286, 23.752500000002925, 25.002500000003565, 26.252500000004204, 27.502500000004844, 28.752500000005483, 30.002500000006123, 31.252500000006762, 32.502500000006684, 33.75250000000555, 35.00250000000441, 36.25250000000327, 37.50250000000214, 38.752500000001, 40.00249999999986, 41.252499999998726, 42.50249999999759, 43.75249999999645, 45.002499999995315, 46.25249999999418, 47.50249999999304, 48.752499999991905, 50.00249999999077], "central_rho": [0.011697922833263874, 0.010571649298071861, 0.009212515316903591, 0.008780600503087044, 0.008390271104872227, 0.008029406890273094, 0.007695147302001715, 0.007389219012111425, 0.007116444408893585, 0.006884199101477861, 0.0067024133168160915, 0.006583869457244873, 0.006544973701238632, 0.006606902461498976, 0.00679751904681325, 0.007154123857617378, 0.00772736594080925, 0.008586851879954338, 0.009828527458012104, 0.011584123596549034, 0.014033050276339054, 0.017415495589375496, 0.022046230733394623, 0.028326446190476418, 0.03674991801381111, 0.047899968922138214, 0.06243003532290459, 0.08102200925350189, 0.10431814938783646, 0.13281241059303284, 0.16669617593288422, 0.2056504189968109, 0.24859680235385895, 0.2934771180152893, 0.3372083008289337, 0.37598925828933716, 0.40602436661720276, 0.4244665205478668, 0.4301632046699524, 0.42385798692703247, 0.4078082740306854], "central_lapse": [0.7104573249816895, 0.5777513980865479, 0.10000000149011612, 0.10000000149011612, 0.10000000149011612, 0.10000000149011612, 0.10000000149011612, 0.10000000149011612, 0.10000000149011612, 0.10000000149011612, 0.10000000149011612, 0.10000000149011612, 0.10000000149011612, 0.10000000149011612, 0.10000000149011612, 0.10000000149011612, 0.10000000149011612, 0.10000000149011612, 0.10000000149011612, 0.10000000149011612, 0.10000000149011612, 0.10000000149011612, 0.10000000149011612, 0.10000000149011612, 0.10000000149011612, 0.10000000149011612, 0.10000000149011612, 0.10000000149011612, 0.10000000149011612, 0.10000000149011612, 0.10000000149011612, 0.10000000149011612, 0.10000000149011612, 0.10000000149011612, 0.10000000149011612, 0.10000000149011612, 0.10000000149011612, 0.10000000149011612, 0.10000000149011612, 0.10000000149011612, 0.10000000149011612], "K5_max": [0.2511609196662903, 0.16495893895626068, 0.12349124252796173, 0.09576138854026794, 0.19103626906871796, 0.18859046697616577, 0.1874055564403534, 0.17942023277282715, 0.174814835190773, 0.172764852643013, 0.17159171402454376, 0.16967198252677917, 0.1659989356994629, 0.16041836142539978, 0.1520572155714035, 0.13610625267028809, 0.10876655578613281, 0.08573741465806961, 0.07977642118930817, 0.0751204863190651, 0.07154739648103714, 0.0687030777335167, 0.06678826361894608, 0.06505100429058075, 0.06497562676668167, 0.06523146480321884, 0.0656583234667778, 0.06595396250486374, 0.0667121484875679, 0.06757449358701706, 0.06842434406280518, 0.06923814862966537, 0.06998477876186371, 0.07062355428934097, 0.0711066722869873, 0.0713881328701973, 0.07143726944923401, 0.07124816626310349, 0.07137276232242584, 0.07276444137096405, 0.07379946857690811], "h_plus": [0.0003166069509461522, 0.00039484235458076, 0.029967639595270157, 3.478440999984741, 60.61119842529297, 60.685401916503906, 44.65674591064453, 19.010940551757812, 2.398686170578003, -9.76624584197998, -22.740047454833984, -40.20263671875, -59.4184455871582, -71.86000061035156, -73.67196655273438, -69.23007202148438, -63.6326904296875, -62.090362548828125, -65.03819274902344, -70.43502807617188, -77.259765625, -85.36212921142578, -94.7544937133789, -105.52249145507812, -117.7939453125, -131.7262725830078, -147.50038146972656, -165.31689453125, -185.3929901123047, -207.95901489257812, -233.25430297851562, -261.52197265625, -293.0025634765625, -327.9261779785156, -366.5040283203125, -408.91998291015625, -455.32513427734375, -505.83746337890625, -560.5494384765625, -619.5421142578125, -682.9005126953125], "h_cross": [-1.1368683772161603e-12, -2.79751475318335e-08, -2.853886689990759e-05, -0.00904751569032669, -0.08798027038574219, -0.03377652168273926, -0.03514266014099121, -0.05264902114868164, -0.08008480072021484, -0.08753299713134766, -0.08783578872680664, -0.07660245895385742, -0.0321192741394043, 0.037795186042785645, 0.08507657051086426, 0.07402974367141724, 0.04324913024902344, 0.023556947708129883, 0.017603516578674316, 0.019918084144592285, 0.025758087635040283, 0.03461265563964844, 0.04669344425201416, 0.06251192092895508, 0.08278846740722656, 0.10844647884368896, 0.14062368869781494, 0.1807166337966919, 0.23041725158691406, 0.29178643226623535, 0.36733222007751465, 0.460113525390625, 0.5738492012023926, 0.7131004333496094, 0.883446216583252, 1.091700553894043, 1.346214771270752, 1.6571431159973145, 2.0366291999816895, 2.4988574981689453, 3.059880256652832], "total_mass": [1.3621323108673096, 1.824793815612793, 3.2630677223205566, 5.431575298309326, 15.192255020141602, 24.754777908325195, 30.49615478515625, 34.383968353271484, 36.66509246826172, 38.666053771972656, 40.93903350830078, 43.971839904785156, 48.379432678222656, 54.62949752807617, 63.29138946533203, 74.99633026123047, 90.18986511230469, 109.22634887695312, 132.29800415039062, 159.6681671142578, 191.66064453125, 228.6253662109375, 270.96258544921875, 319.1651611328125, 373.81219482421875, 435.45721435546875, 504.39569091796875, 580.390380859375, 662.525634765625, 749.3890991210938, 839.6748046875, 933.04541015625, 1030.7060546875, 1134.951171875, 1247.548828125, 1368.046630859375, 1493.4625244140625, 1619.7978515625, 1744.638427734375, 1869.4453125, 1999.9005126953125], "binary_sep": [6.802814960479736, 6.896646022796631, 7.111118316650391, 7.438543796539307, 7.671245098114014, 7.816887378692627, 7.960998058319092, 8.102584838867188, 8.240187644958496, 8.372087478637695, 8.495427131652832, 8.60755729675293, 8.708717346191406, 8.799845695495605, 8.882892608642578, 8.960999488830566, 9.034957885742188, 9.102726936340332, 9.16311264038086, 9.21675968170166, 9.264728546142578, 9.30842399597168, 9.349775314331055, 9.39129638671875, 9.435973167419434, 9.486883163452148, 9.546496391296387, 9.615769386291504, 9.69339370727539, 9.775749206542969, 9.85798168182373, 9.936010360717773, 10.008639335632324, 10.078567504882812, 10.151519775390625, 10.233545303344727, 10.327399253845215, 10.429787635803223, 10.531351089477539, 10.619996070861816, 10.685944557189941], "circ_pol": [3.5907877882544128e-09, 7.084641571090704e-05, 0.0009514167591681595, 0.0025942782749423265, 0.0014494474600198449, 0.0005562743527092423, 0.0007863319556373254, 0.002761758007185979, 0.03230826956081048, 0.008883190759662096, 0.003847741281556758, 0.0019017851508044347, 0.00054026861164971, 0.0005256793427967796, 0.0011534704606949132, 0.0010681870450074482, 0.0006792067859213, 0.0003792539240651771, 0.000270591055511868, 0.00028270668320815615, 0.00033328476534382617, 0.0004053158807104015, 0.000492540712326466, 0.0005920530277045021, 0.0007023308565862073, 0.0008225942271914751, 0.000952470409876446, 0.0010919591680176438, 0.0012413157093663823, 0.0014011299376038712, 0.0015723381944709833, 0.0017562785765115768, 0.0019546842880468753, 0.0021698575921771605, 0.002404671573784233, 0.0026626084034255646, 0.0029478853317058914, 0.00326534133523635, 0.0036201202215918335, 0.004017191168476945, 0.004460724391804793],