{"t": [0.0025, 1.2524999999999844, 2.5024999999999578, 3.752499999999931, 5.002500000000082, 6.2525000000002775, 7.502500000000473, 8.752500000000401, 10.002500000000152, 11.252499999999904, 12.502499999999655, 13.752499999999406, 15.002499999999158, 16.25249999999909, 17.502499999999728, 18.752500000000367, 20.002500000001007, 21.252500000001646, 22.502500000002286, 23.752500000002925, 25.002500000003565], "central_rho": [0.0012027252232655883, 0.0009620427154004574, 9.185149247059599e-05, 0.003972603939473629, 0.06338230520486832, 0.3748294413089752, 0.8064093589782715, 0.7201664447784424, 0.8719888925552368, 1.2391623258590698, 1.4774843454360962, 1.681075096130371, 1.588089942932129, 1.3829283714294434, 1.4009333848953247, 1.7377426624298096, 1.9836877584457397, 1.9535638093948364, 1.947199821472168, 2.1486544609069824, 2.4125335216522217], "central_lapse": [0.7463850975036621, 0.7198662757873535, 0.6347721815109253, 0.5604924559593201, 0.5031381845474243, 0.4575057923793793, 0.42033958435058594, 0.3894907832145691, 0.36348211765289307, 0.3412640392780304, 0.32206976413726807, 0.30532583594322205, 0.29059576988220215, 0.27754026651382446, 0.2658926546573639, 0.25543954968452454, 0.246008962392807, 0.23746009171009064, 0.2296769618988037, 0.22256308794021606, 0.21603751182556152], "K5_max": [0.22656869888305664, 0.1781628578901291, 0.21856488287448883, 0.2320619374513626, 0.264054536819458, 0.27572065591812134, 0.28620779514312744, 0.28809988498687744, 0.2845998704433441, 0.28998610377311707, 0.30110839009284973, 0.33121776580810547, 0.3323667347431183, 0.33923444151878357, 0.3492787182331085, 0.3589383661746979, 0.35731565952301025, 0.35680708289146423, 0.35963764786720276, 0.36038830876350403, 0.35924866795539856], "h_plus": [4.23893169454459e-08, 8.211208601949238e-09, 2.2295241706160596e-06, 0.000236098378081806, 0.023928986862301826, 1.3497498035430908, 35.011722564697266, 153.94659423828125, 247.15771484375, 278.7974548339844, 497.74920654296875, 3006.078369140625, 9649.1337890625, 10469.7998046875, 7584.77001953125, 4055.185791015625, 3427.402587890625, 2684.69970703125, 1749.3978271484375, 1580.9256591796875, 1715.2293701171875], "h_cross": [1.1102230246251565e-16, -1.304512053934559e-15, -2.4360957695535035e-11, -5.6658336688997224e-08, -4.485627869144082e-05, -0.00402873195707798, -0.10150891542434692, -0.26378965377807617, -0.3339567184448242, -0.31206417083740234, 3.388324737548828, 37.575782775878906, 303.5183410644531, 318.65283203125, 865.1987915039062, 1143.34912109375, 1288.4765625, 921.4013061523438, 820.822998046875, 926.3069458007812, 1025.061767578125], "total_mass": [0.7154144644737244, 1.0807249546051025, 3.509658098220825, 16.039098739624023, 87.41868591308594, 381.84161376953125, 994.1826171875, 1936.8392333984375, 3205.397216796875, 4799.70654296875, 6856.0625, 9515.1298828125, 13066.6171875, 17046.80078125, 20235.24609375, 22523.40234375, 24688.173828125, 26678.80078125, 28502.2890625, 30262.734375, 31762.17578125], "binary_sep": [5.885433197021484, 5.986312389373779, 6.182673454284668, 6.469220161437988, 6.861103534698486, 7.218862533569336, 7.702276229858398, 8.279531478881836, 8.92780876159668, 9.571746826171875, 10.45348072052002, 11.49459171295166, 12.192910194396973, 12.154520034790039, 11.884542465209961, 11.718852996826172, 11.64300537109375, 11.61806869506836, 11.625809669494629, 11.625348091125488, 11.598982810974121], "circ_pol": [2.6191104309281323e-09, 1.5886965122010286e-07, 1.092640835153274e-05, 0.00023992008617843688, 0.0018710508126559122, 0.002975916556092773, 0.002890902122802722, 0.0017105829524600475, 0.001349365481015391, 0.0011180706840457535, 0.006761267169295635, 0.0123456151390323, 0.03049622724637333, 0.029536472259859368, 0.10239076745159202, 0.21993679766013552, 0.2732208611395975, 0.2555117848290384, 0.3193589399013994, 0.36945393257918213, 0.37407038744074483], "Lz": [0.03880512714385986, 0.0822778195142746, 0.454413503408432, 3.3767971992492676, 25.64105796813965, 129.962158203125, 411.556884765625, 1087.05126953125, 2267.35693359375, 3791.7919921875, 5812.525390625, 8591.1708984375, 11502.712890625, 12512.4306640625, 12626.1357421875, 13246.328125, 14068.484375, 14491.978515625, 14760.458984375, 14837.82421875, 14609.1484375], "alpha_min": [0.6631504893302917, 0.6376128196716309, 0.5685309767723083, 0.5132764577865601, 0.4685368537902832, 0.4315752387046814, 0.40054333209991455, 0.3741413354873657, 0.3514234721660614, 0.33168476819992065, 0.3143874704837799, 0.29911506175994873, 0.2855397164821625, 0.27340027689933777, 0.2624861001968384, 0.24585282802581787, 0.22989222407341003, 0.21571342647075653, 0.20304879546165466, 0.1916719675064087, 0.1813982129096985]}