{"t": [0.0025, 1.2524999999999844, 2.5024999999999578, 3.752499999999931, 5.002500000000082, 6.2525000000002775, 7.502500000000473, 8.752500000000401, 10.002500000000152, 11.252499999999904, 12.502499999999655], "central_rho": [0.0004279031418263912, 0.0003036991402041167, 5.420517118182033e-05, 3.0134571716189384e-05, 9.720515663502738e-05, 0.00010719274723669514, 0.00011775213351938874, 0.00012900387810077518, 0.000141041717142798, 0.0001539473596494645, 0.00016779464203864336], "central_lapse": [0.5382492542266846, 0.5626004934310913, 0.4555733799934387, 0.22727727890014648, 0.009999999776482582, 0.009999999776482582, 0.009999999776482582, 0.009999999776482582, 0.009999999776482582, 0.009999999776482582, 0.009999999776482582], "K5_max": [0.23900625109672546, 0.11913037300109863, 0.11129924654960632, 0.11767261475324631, 0.14308978617191315, 0.16446587443351746, 0.1657855361700058, 0.1623820662498474, 0.16292041540145874, 0.15455050766468048, 0.1477014124393463], "h_plus": [5.671236431226134e-05, 3.1735347874928266e-05, 0.0028711874037981033, 0.35265082120895386, 19.02890396118164, 51.54895782470703, 44.77083969116211, 30.282791137695312, 11.834394454956055, 7.688572883605957, 7.571507453918457], "h_cross": [2.2737367544323206e-13, -7.986500349943526e-11, -3.1388299248646945e-07, -0.00026530935429036617, -0.03120937943458557, -0.02199685573577881, -0.004999995231628418, -0.005712628364562988, -0.008495569229125977, -0.010553359985351562, -0.013785839080810547], "total_mass": [1.28035569190979, 1.2195384502410889, 1.5690991878509521, 2.5655407905578613, 5.539369583129883, 13.515049934387207, 18.815275192260742, 22.662389755249023, 25.26279640197754, 26.162189483642578, 26.51555824279785], "binary_sep": [7.9589128494262695, 7.972875595092773, 8.095232963562012, 8.605535507202148, 9.230077743530273, 9.425226211547852, 9.433244705200195, 9.436565399169922, 9.470895767211914, 9.560858726501465, 9.735349655151367], "circ_pol": [4.009243439044507e-09, 2.5165882166114136e-06, 0.0001093097168127301, 0.0007517631848307412, 0.0016374183551196317, 0.00042653574811793524, 0.0001116672577588264, 0.00018860714971877674, 0.0007173560855311997, 0.0013707217743229104, 0.0018174431163438308], "Lz": [0.07283125817775726, 0.09283165633678436, 0.17515745759010315, 0.39027702808380127, 0.7456765174865723, 1.0176745653152466, 1.201256275177002, 1.3542039394378662, 1.4840583801269531, 1.612931728363037, 1.779540777206421], "alpha_min": [0.27326565980911255, 0.27003949880599976, 0.08410751819610596, 0.009999999776482582, 0.009999999776482582, 0.009999999776482582, 0.009999999776482582, 0.009999999776482582, 0.009999999776482582, 0.009999999776482582, 0.009999999776482582]}