{"t": [0.0025, 1.2524999999999844, 2.5024999999999578, 3.752499999999931, 5.002500000000082, 6.2525000000002775, 7.502500000000473, 8.752500000000401, 10.002500000000152, 11.252499999999904, 12.502499999999655, 13.752499999999406, 15.002499999999158, 16.25249999999909, 17.502499999999728, 18.752500000000367, 20.002500000001007, 21.252500000001646, 22.502500000002286, 23.752500000002925, 25.002500000003565, 26.252500000004204, 27.502500000004844, 28.752500000005483, 30.002500000006123, 31.252500000006762, 32.502500000006684, 33.75250000000555, 35.00250000000441, 36.25250000000327, 37.50250000000214, 38.752500000001, 40.00249999999986, 41.252499999998726, 42.50249999999759, 43.75249999999645, 45.002499999995315, 46.25249999999418, 47.50249999999304, 48.752499999991905, 50.00249999999077, 51.25249999998963, 52.502499999988494, 53.75249999998736, 55.00249999998622, 56.25249999998508, 57.50249999998395, 58.75249999998281, 60.00249999998167, 61.252499999980536, 62.5024999999794, 63.75249999997826, 65.00249999997713, 66.252499999976, 67.50249999997486, 68.75249999997372, 70.00249999997258, 71.25249999997145, 72.50249999997031, 73.75249999996917, 75.00249999996804, 76.2524999999669, 77.50249999996576, 78.75249999996463, 80.00249999996349, 81.25249999996235, 82.50249999996122, 83.75249999996008, 85.00249999995894, 86.2524999999578, 87.50249999995667, 88.75249999995553, 90.0024999999544, 91.25249999995326, 92.50249999995212, 93.75249999995098, 95.00249999994985, 96.25249999994871, 97.50249999994757, 98.75249999994644, 100.0024999999453, 101.25249999994416, 102.50249999994303, 103.75249999994189, 105.00249999994075, 106.25249999993962, 107.50249999993848, 108.75249999993734, 110.0024999999362, 111.25249999993507, 112.50249999993393], "central_rho": [0.09664884209632874, 0.09912228584289551, 0.11879979074001312, 0.15763022005558014, 0.22304809093475342, 0.32801276445388794, 0.4920409619808197, 0.7424439191818237, 1.1146838665008545, 1.6502437591552734, 2.389636754989624, 3.358070135116577, 4.543691635131836, 5.87410831451416, 7.20605993270874, 8.34634017944336, 9.108251571655273, 9.380169868469238, 9.164430618286133, 8.563874244689941, 7.730288982391357, 6.810369491577148, 5.912942409515381, 5.100784778594971, 4.397846698760986, 3.801561117172241, 3.294672727584839, 2.8547940254211426, 2.461599111557007, 2.1015372276306152, 1.7695708274841309, 1.4675073623657227, 1.2002633810043335, 0.9722946286201477, 0.7860480546951294, 0.6430110335350037, 0.5457733869552612, 0.4999227821826935, 0.5152819752693176, 0.6046757698059082, 0.7795987129211426, 1.0448306798934937, 1.39454984664917, 1.8125933408737183, 2.278231620788574, 2.7743332386016846, 3.293858766555786, 3.843695878982544, 4.445844650268555, 5.1383819580078125, 5.978255748748779, 7.048936367034912, 8.474298477172852, 10.429925918579102, 13.126112937927246, 16.729333877563477, 21.210750579833984, 26.181678771972656, 30.863872528076172, 34.3290901184082, 35.930389404296875, 35.60731506347656, 33.83233642578125, 31.295475006103516, 28.606515884399414, 26.164833068847656, 24.16985321044922, 22.689271926879883, 21.72348403930664, 21.247278213500977, 21.22049331665039, 21.576082229614258, 22.20227813720703, 22.929616928100586, 23.558956146240234, 23.920368194580078, 23.903480529785156, 23.475372314453125, 22.6839656829834, 21.63681411743164, 20.46725845336914, 19.302383422851562, 18.243709564208984, 17.362138748168945, 16.700593948364258, 16.278791427612305, 16.095352172851562, 16.125385284423828, 16.31744956970215, 16.592809677124023, 16.8504581451416], "central_lapse": [0.19998334348201752, 0.19204135239124298, 0.1850031465291977, 0.1798953115940094, 0.17596435546875, 0.17230232059955597, 0.16851270198822021, 0.16452454030513763, 0.1604049950838089, 0.1562599539756775, 0.15218760073184967, 0.14826539158821106, 0.1445463001728058, 0.1410619169473648, 0.13782718777656555, 0.1348448395729065, 0.1321091651916504, 0.12960892915725708, 0.1273297667503357, 0.12525546550750732, 0.1233692392706871, 0.1216546818614006, 0.12009591609239578, 0.1186780259013176, 0.11738716065883636, 0.11621065437793732, 0.1151369959115982, 0.11415582150220871, 0.11325777322053909, 0.1124345138669014, 0.11167856305837631, 0.11098331958055496, 0.11034278571605682, 0.1097516417503357, 0.10920529812574387, 0.10869941860437393, 0.10823036730289459, 0.10779473930597305, 0.10738959908485413, 0.10701221227645874, 0.10666016489267349, 0.10633146017789841, 0.10602407902479172, 0.1057361513376236, 0.10546637326478958, 0.10521318018436432, 0.10497528314590454, 0.1047513335943222, 0.10454043745994568, 0.10434149950742722, 0.10415375232696533, 0.10397634655237198, 0.10380870848894119, 0.10364997386932373, 0.10349985212087631, 0.10335752367973328, 0.10322248190641403, 0.103094182908535, 0.102972611784935, 0.10285663604736328, 0.10274650156497955, 0.10264119505882263, 0.10254136472940445, 0.10244601219892502, 0.10235492140054703, 0.10226792097091675, 0.10218480974435806, 0.10210545361042023, 0.10202959179878235, 0.10195708274841309, 0.10188768804073334, 0.10182106494903564, 0.10175773501396179, 0.10169696807861328, 0.10163766145706177, 0.10158145427703857, 0.10152758657932281, 0.10147494077682495, 0.10142539441585541, 0.10137689858675003, 0.1013312116265297, 0.10128642618656158, 0.10124434530735016, 0.10120309889316559, 0.10116428881883621, 0.101126529276371, 0.1010906994342804, 0.10105627030134201, 0.10102307796478271, 0.10099204629659653, 0.1009615957736969], "K5_max": [0.2659493684768677, 0.10503129661083221, 0.08564957231283188, 0.07923661172389984, 0.07671385258436203, 0.07564135640859604, 0.07549671828746796, 0.10983550548553467, 0.1455613225698471, 0.1678229123353958, 0.2174782007932663, 0.2482450306415558, 0.3535718023777008, 0.4800615608692169, 0.5497967600822449, 0.6023046970367432, 0.6108880639076233, 0.5961765050888062, 0.5886603593826294, 0.5818306803703308, 0.5736528038978577, 0.5696529746055603, 0.5662902593612671, 0.572019100189209, 0.5761945247650146, 0.5818752646446228, 0.5816582441329956, 0.5816617012023926, 0.5790655016899109, 0.5717858672142029, 0.5607604384422302, 0.5583942532539368, 0.5568482875823975, 0.5557301044464111, 0.5553609728813171, 0.5555481314659119, 0.5550951361656189, 0.5542656779289246, 0.5534852743148804, 0.552277147769928, 0.5508013367652893, 0.5494598746299744, 0.5480847954750061, 0.5464798808097839, 0.5446937084197998, 0.5427700877189636, 0.5407673120498657, 0.5392348170280457, 0.5378326773643494, 0.5363242030143738, 0.5348998308181763, 0.5333374738693237, 0.5316621661186218, 0.5299010872840881, 0.5281656384468079, 0.5264338850975037, 0.5247222185134888, 0.5230528712272644, 0.5214614272117615, 0.5199540853500366, 0.5185366272926331, 0.5172082781791687, 0.515956461429596, 0.514769434928894, 0.5136023163795471, 0.5124419927597046, 0.5112703442573547, 0.5100917816162109, 0.5088984966278076, 0.5077017545700073, 0.5064799785614014, 0.5052319169044495, 0.5039439797401428, 0.5026053786277771, 0.5012245774269104, 0.49981218576431274, 0.4983780086040497, 0.4969359338283539, 0.4954947531223297, 0.4940585792064667, 0.49262723326683044, 0.49120575189590454, 0.4897918105125427, 0.4883822500705719, 0.4872431457042694, 0.4861462116241455, 0.4850307106971741, 0.4838939607143402, 0.4827406704425812, 0.4815632998943329, 0.48036524653434753],