{"t": [0.003, 1.5029999999999826, 3.003000000000003, 4.50300000000006, 6.0030000000001165, 7.503000000000173, 9.00300000000023, 10.503000000000286, 12.003000000000343, 13.5030000000004, 15.003000000000457, 16.50300000000051, 18.00300000000057, 19.503000000000625, 21.003000000000682, 22.50300000000074, 24.003000000000796, 25.503000000000853, 27.00300000000091, 28.503000000000966, 30.003000000001023, 31.50300000000108, 33.00300000000114, 34.503000000001194, 36.00300000000125, 37.50300000000131, 39.003000000001364, 40.50300000000142, 42.00300000000148, 43.503000000001535, 45.00300000000159, 46.50300000000165, 48.003000000001705, 49.50300000000176, 51.00300000000182, 52.503000000001876, 54.00300000000193, 55.50300000000199, 57.00300000000205, 58.5030000000021, 60.00300000000216, 61.50300000000222, 63.003000000002274, 64.50300000000233, 66.00300000000239, 67.50300000000244, 69.0030000000025, 70.50300000000256, 72.00300000000261, 73.50300000000267, 75.00300000000273, 76.50300000000279, 78.00300000000284, 79.5030000000029, 81.00300000000296, 82.50300000000301, 84.00300000000307, 85.50300000000313, 87.00300000000318, 88.50300000000324, 90.0030000000033], "central_rho": [0.02223718911409378, 0.014240037649869919, 0.00833505392074585, 0.0036005082074552774, 0.0007708474295213819, 2.1649108020938e-05, 0.0013865989167243242, 0.004881554748862982, 0.010288532823324203, 0.016676073893904686, 0.02207302674651146, 0.02409793995320797, 0.02162621170282364, 0.015811830759048462, 0.00911883544176817, 0.0036556352861225605, 0.0005383517709560692, 0.00023789124679751694, 0.0030649499967694283, 0.009256082586944103, 0.01842421479523182, 0.028493298217654228, 0.0353313647210598, 0.03499880060553551, 0.02739582397043705, 0.016487110406160355, 0.006810381542891264, 0.0010619793320074677, 0.0003862007288262248, 0.0054671140387654305, 0.016784124076366425, 0.0333300456404686, 0.05030883103609085, 0.05942504107952118, 0.05526970699429512, 0.04098069667816162, 0.024361485615372658, 0.011049059219658375, 0.0029441099613904953, 2.2116792024462484e-05, 0.0019428615923970938, 0.008594709448516369, 0.019813697785139084, 0.034524839371442795, 0.04984305799007416, 0.06139913573861122, 0.06567347049713135, 0.0624164342880249, 0.054349206387996674, 0.04480069875717163, 0.0359911285340786, 0.028819648548960686, 0.02335694618523121, 0.01932230032980442, 0.016350574791431427, 0.01409974880516529, 0.012280712835490704, 0.010660998523235321, 0.009068131446838379, 0.00739829707890749, 0.005629583261907101], "central_lapse": [0.884554922580719, 0.10000000149011612, 0.10000000149011612, 0.10000000149011612, 0.10000000149011612, 0.10000000149011612, 0.10000000149011612, 0.10000000149011612, 0.10000000149011612, 0.10000000149011612, 0.10000000149011612, 0.10000000149011612, 0.10000000149011612, 0.10000000149011612, 0.10000000149011612, 0.10000000149011612, 0.10000000149011612, 0.10000000149011612, 0.10000000149011612, 0.10000000149011612, 0.10000000149011612, 0.10000000149011612, 0.10000000149011612, 0.10000000149011612, 0.10000000149011612, 0.10000000149011612, 0.10000000149011612, 0.10000000149011612, 0.10000000149011612, 0.10000000149011612, 0.10000000149011612, 0.10000000149011612, 0.10000000149011612, 0.10000000149011612, 0.10000000149011612, 0.10000000149011612, 0.10000000149011612, 0.10000000149011612, 0.10000000149011612, 0.10000000149011612, 0.10000000149011612, 0.10000000149011612, 0.10000000149011612, 0.10000000149011612, 0.10000000149011612, 0.10000000149011612, 0.10000000149011612, 0.10000000149011612, 0.10000000149011612, 0.10000000149011612, 0.10000000149011612, 0.10000000149011612, 0.10000000149011612, 0.10000000149011612, 0.10000000149011612, 0.10000000149011612, 0.10000000149011612, 0.10000000149011612, 0.10000000149011612, 0.10000000149011612, 0.10000000149011612], "K5_max": [0.20508435368537903, 0.09625227749347687, 0.1896984875202179, 0.1587136834859848, 0.12636590003967285, 0.1063714548945427, 0.09104418009519577, 0.07795269787311554, 0.06650327146053314, 0.05877625197172165, 0.053970761597156525, 0.051265861839056015, 0.0490039698779583, 0.04723387584090233, 0.04601142182946205, 0.045420460402965546, 0.04494420066475868, 0.04455053061246872, 0.04421692341566086, 0.043931905180215836, 0.04367876052856445, 0.043446462601423264, 0.04340063035488129, 0.043633103370666504, 0.04392155259847641, 0.04425501823425293, 0.04462234675884247, 0.045153845101594925, 0.045754574239254, 0.04635676369071007, 0.04694463685154915, 0.04750493913888931, 0.04802752658724785, 0.048505380749702454, 0.048934660851955414, 0.049314264208078384, 0.04964524880051613, 0.04993858188390732, 0.05019107460975647, 0.050402287393808365, 0.050576966255903244, 0.05071653798222542, 0.05082542076706886, 0.05090861767530441, 0.05096856504678726, 0.051007937639951706, 0.05103003978729248, 0.051037512719631195, 0.05103369802236557, 0.051020704209804535, 0.051076389849185944, 0.05113334581255913, 0.05120198056101799, 0.05127031356096268, 0.0513552688062191, 0.051632121205329895, 0.05189075693488121, 0.05213183909654617, 0.052355922758579254, 0.05256337672472, 0.052754372358322144], "h_plus": [0.5720090270042419, 8.817309379577637, 23.569787979125977, 2.219043731689453, -9.4989652633667, -19.34685707092285, -30.68524742126465, -43.36827087402344, -53.6762580871582, -59.792945861816406, -61.4588623046875, -59.23759078979492, -53.83683776855469, -46.416900634765625, -38.53554916381836, -33.80055618286133, -36.82988739013672, -50.47458267211914, -73.45333862304688, -100.3993911743164, -124.76597595214844, -142.39271545410156, -152.86428833007812, -158.03907775878906, -159.70501708984375, -158.63909912109375, -155.63514709472656, -153.0623779296875, -154.7254638671875, -163.13377380371094, -176.2434539794922, -187.24256896972656, -188.52737426757812, -176.96237182617188, -156.34083557128906, -135.45510864257812, -123.38250732421875, -125.11617279052734, -139.9946746826172, -163.22666931152344, -188.84426879882812, -212.13018798828125, -230.710205078125, -244.6054229736328, -255.6426544189453, -266.1960754394531, -277.3822021484375, -287.7125244140625, -293.5093078613281, -291.21649169921875, -280.0151672363281, -262.73370361328125, -244.4156951904297, -229.7498016357422, -221.21751403808594, -218.9118194580078, -221.59100341796875, -227.85914611816406, -236.68014526367188, -247.1852264404297, -258.2564392089844], "h_cross": [3.6834535421803594e-08, 0.01835738681256771, -0.0969470739364624, -0.2599845230579376, -0.144625723361969, -0.007639610208570957, 0.13363713026046753, 0.24505600333213806, 0.3194105923175812, 0.41022011637687683, 0.5816868543624878, 0.8712387681007385, 1.2992238998413086, 1.8798489570617676, 2.6166651248931885, 3.500999927520752, 4.487893581390381, 5.507046222686768, 6.496903419494629, 7.441817760467529, 8.375304222106934, 9.331045150756836, 10.273938179016113, 11.071732521057129, 11.521523475646973, 11.420196533203125, 10.658846855163574, 9.317401885986328, 7.7065043449401855, 6.282918453216553, 5.432860374450684, 5.259514808654785, 5.552206039428711, 5.973230361938477, 6.30200719833374, 6.555779933929443, 6.93143367767334, 7.644404888153076, 8.785406112670898, 10.26265811920166, 11.851696014404297, 13.312264442443848, 14.508195877075195, 15.472676277160645, 16.383691787719727, 17.4544620513916, 18.796815872192383, 20.35110092163086, 21.927799224853516, 23.34747886657715, 24.563249588012695, 25.670270919799805, 26.830249786376953, 28.19904327392578, 29.941930770874023, 32.28361129760742, 35.518123626708984, 39.957454681396484, 45.84669876098633, 53.3088264465332, 62.339874267578125],