{"t": [0.0025, 1.2524999999999844, 2.5024999999999578, 3.752499999999931, 5.002500000000082, 6.2525000000002775, 7.502500000000473, 8.752500000000401, 10.002500000000152, 11.252499999999904, 12.502499999999655, 13.752499999999406, 15.002499999999158, 16.25249999999909, 17.502499999999728, 18.752500000000367, 20.002500000001007, 21.252500000001646, 22.502500000002286, 23.752500000002925, 25.002500000003565], "central_rho": [0.09664884209632874, 0.09912228584289551, 0.11879979074001312, 0.15763022005558014, 0.22304809093475342, 0.32801276445388794, 0.4920409619808197, 0.7424439191818237, 1.1146838665008545, 1.6502437591552734, 2.389636754989624, 3.358070135116577, 4.543691635131836, 5.87410831451416, 7.20605993270874, 8.34634017944336, 9.108251571655273, 9.380169868469238, 9.164430618286133, 8.563874244689941, 7.730288982391357], "central_lapse": [0.19998334348201752, 0.19204135239124298, 0.1850031465291977, 0.1798953115940094, 0.17596435546875, 0.17230232059955597, 0.16851270198822021, 0.16452454030513763, 0.1604049950838089, 0.1562599539756775, 0.15218760073184967, 0.14826539158821106, 0.1445463001728058, 0.1410619169473648, 0.13782718777656555, 0.1348448395729065, 0.1321091651916504, 0.12960892915725708, 0.1273297667503357, 0.12525546550750732, 0.1233692392706871], "K5_max": [0.2659493684768677, 0.10503129661083221, 0.08564957231283188, 0.07923661172389984, 0.07671385258436203, 0.07564135640859604, 0.07549671828746796, 0.10983550548553467, 0.1455613225698471, 0.1678229123353958, 0.2174782007932663, 0.2482450306415558, 0.3535718023777008, 0.4800615608692169, 0.5497967600822449, 0.6023046970367432, 0.6108880639076233, 0.5961765050888062, 0.5886603593826294, 0.5818306803703308, 0.5736528038978577], "h_plus": [4.359668949002979e-22, 6.948713772086803e-21, 1.245285604438407e-16, 1.319069907555065e-13, 2.971067281087869e-10, 8.87746267608236e-08, 1.6301259165629745e-05, 0.003010045737028122, 0.2700168788433075, 7.4266862869262695, 43.00140380859375, 221.61813354492188, 4683.7939453125, 18534.751953125, 5778.490234375, 3116.2705078125, -2825.5361328125, -4982.8896484375, 1134.0087890625, 2965.6240234375, 1071.1796875], "h_cross": [7.888609052210118e-30, 2.211965978239717e-27, -5.892369394733208e-23, 5.18542982397242e-20, -2.605066769939546e-16, -6.414868636284154e-13, -6.466365221058368e-10, -3.731547622010112e-07, -9.084492921829224e-05, -0.004849046468734741, -0.03181171417236328, 0.6398181915283203, 56.85206604003906, 2090.0859375, 5771.6318359375, 8631.421875, 11660.201171875, 12770.064453125, 8931.072265625, 8137.97705078125, 8125.51318359375], "total_mass": [1.4461236000061035, 1.3827731609344482, 1.5412919521331787, 1.8750394582748413, 2.447744846343994, 3.39886474609375, 5.098688125610352, 8.902887344360352, 20.152034759521484, 63.590946197509766, 301.7012939453125, 2176.7578125, 16188.138671875, 46776.296875, 85914.5546875, 126682.71875, 162281.15625, 188172.140625, 205478.875, 218616.15625, 229550.78125], "binary_sep": [1.6667640209197998, 1.7067878246307373, 1.7080862522125244, 1.6867748498916626, 1.6574896574020386, 1.6336873769760132, 1.6470988988876343, 1.8999160528182983, 3.7123076915740967, 9.574821472167969, 14.231698036193848, 15.879887580871582, 15.375852584838867, 14.480546951293945, 13.971925735473633, 13.617417335510254, 13.258740425109863, 12.945231437683105, 12.72240161895752, 12.584919929504395, 12.509878158569336], "circ_pol": [1.8094513559748893e-08, 3.1832729715789574e-07, 4.731739117208374e-07, 3.9311243140455213e-07, 8.768110040357215e-07, 7.2259636753632395e-06, 3.966631447597255e-05, 0.00012395443146421815, 0.00033632851348893046, 0.0006524959178952749, 0.0007392362802991969, 0.002878719013333688, 0.011992472313666545, 0.10133829650365624, 0.499703102772605, 0.7347333922046027, 0.8049435749536772, 0.7193205356172842, 0.8873323738874045, 0.7329133131121462, 0.8835255561412908], "Lz": [0.0026208804920315742, 0.0036746917758136988, 0.005668673664331436, 0.009137295186519623, 0.014970488846302032, 0.024673251435160637, 0.04166772589087486, 0.08422950655221939, 0.346525102853775, 2.9999489784240723, 30.191518783569336, 336.790283203125, 2378.3955078125, 5032.7880859375, 11214.70703125, 15978.3154296875, 17044.361328125, 15261.369140625, 10965.44140625, 4672.4208984375, -568.3076171875], "alpha_min": [0.19975508749485016, 0.17956139147281647, 0.16968555748462677, 0.16249613463878632, 0.15688036382198334, 0.1521671712398529, 0.1485995352268219, 0.14538291096687317, 0.14242908358573914, 0.13992628455162048, 0.13757799565792084, 0.13536043465137482, 0.1333134025335312, 0.1313478648662567, 0.12948112189769745, 0.12773548066616058, 0.1260896772146225, 0.12459852546453476, 0.12323936820030212, 0.1219937652349472, 0.12084668129682541]}