{"t": [0.0025, 1.2524999999999844, 2.5024999999999578, 3.752499999999931, 5.002500000000082, 6.2525000000002775, 7.502500000000473, 8.752500000000401, 10.002500000000152, 11.252499999999904, 12.502499999999655], "central_rho": [0.0012027252232655883, 0.0009620427154004574, 9.185149247059599e-05, 0.003972603939473629, 0.06338230520486832, 0.3748294413089752, 0.8064093589782715, 0.7201664447784424, 0.8719888925552368, 1.2391623258590698, 1.4774843454360962], "central_lapse": [0.7463850975036621, 0.7198662757873535, 0.6347721815109253, 0.5604924559593201, 0.5031381845474243, 0.4575057923793793, 0.42033958435058594, 0.3894907832145691, 0.36348211765289307, 0.3412640392780304, 0.32206976413726807], "K5_max": [0.22656869888305664, 0.1781628578901291, 0.21856488287448883, 0.2320619374513626, 0.264054536819458, 0.27572065591812134, 0.28620779514312744, 0.28809988498687744, 0.2845998704433441, 0.28998610377311707, 0.30110839009284973], "h_plus": [4.23893169454459e-08, 8.211208601949238e-09, 2.2295241706160596e-06, 0.000236098378081806, 0.023928986862301826, 1.3497498035430908, 35.011722564697266, 153.94659423828125, 247.15771484375, 278.7974548339844, 497.74920654296875], "h_cross": [1.1102230246251565e-16, -1.304512053934559e-15, -2.4360957695535035e-11, -5.6658336688997224e-08, -4.485627869144082e-05, -0.00402873195707798, -0.10150891542434692, -0.26378965377807617, -0.3339567184448242, -0.31206417083740234, 3.388324737548828], "total_mass": [0.7154144644737244, 1.0807249546051025, 3.509658098220825, 16.039098739624023, 87.41868591308594, 381.84161376953125, 994.1826171875, 1936.8392333984375, 3205.397216796875, 4799.70654296875, 6856.0625], "binary_sep": [5.885433197021484, 5.986312389373779, 6.182673454284668, 6.469220161437988, 6.861103534698486, 7.218862533569336, 7.702276229858398, 8.279531478881836, 8.92780876159668, 9.571746826171875, 10.45348072052002], "circ_pol": [2.6191104309281323e-09, 1.5886965122010286e-07, 1.092640835153274e-05, 0.00023992008617843688, 0.0018710508126559122, 0.002975916556092773, 0.002890902122802722, 0.0017105829524600475, 0.001349365481015391, 0.0011180706840457535, 0.006761267169295635], "Lz": [0.03880512714385986, 0.0822778195142746, 0.454413503408432, 3.3767971992492676, 25.64105796813965, 129.962158203125, 411.556884765625, 1087.05126953125, 2267.35693359375, 3791.7919921875, 5812.525390625], "alpha_min": [0.6631504893302917, 0.6376128196716309, 0.5685309767723083, 0.5132764577865601, 0.4685368537902832, 0.4315752387046814, 0.40054333209991455, 0.3741413354873657, 0.3514234721660614, 0.33168476819992065, 0.3143874704837799]}