{"t": [0.0025, 1.2524999999999844, 2.5024999999999578, 3.752499999999931, 5.002500000000082, 6.2525000000002775, 7.502500000000473, 8.752500000000401, 10.002500000000152, 11.252499999999904, 12.502499999999655], "central_rho": [0.03131287544965744, 0.03290547803044319, 0.037200573831796646, 0.043562956154346466, 0.05186410993337631, 0.06235567480325699, 0.07554465532302856, 0.09205766022205353, 0.1125023290514946, 0.13743698596954346, 0.16801223158836365], "central_lapse": [0.1999901384115219, 0.1862141638994217, 0.1616799682378769, 0.14332422614097595, 0.13148804008960724, 0.12480383366346359, 0.1217518150806427, 0.12106070667505264, 0.1218005046248436, 0.12333214282989502, 0.12523247301578522], "K5_max": [0.246026873588562, 0.10482706874608994, 0.0985613688826561, 0.13288284838199615, 0.19190146028995514, 0.22864015400409698, 0.25551435351371765, 0.27163970470428467, 0.3146776556968689, 0.3645050525665283, 0.3867664933204651], "h_plus": [3.875553523935427e-12, 8.446879805855401e-13, 1.3391807107687725e-10, 1.6102900346481874e-08, 3.1454167128686095e-06, 0.00042740628123283386, 0.03339288383722305, 1.6408939361572266, 36.71533966064453, 138.6157684326172, 298.5649108886719], "h_cross": [-5.421010862427522e-20, 4.573977915173222e-20, -3.7643499428696714e-16, -7.123746037507317e-13, -1.3608172366730287e-09, -1.986954885069281e-06, -0.00032370747067034245, -0.019587919116020203, -0.3194378614425659, -0.5858712196350098, 0.5904388427734375], "total_mass": [1.3091459274291992, 1.2184171676635742, 1.30271315574646, 2.3768081665039062, 10.367151260375977, 68.25879669189453, 529.05517578125, 3661.984130859375, 12770.9912109375, 23535.0, 35689.51171875], "binary_sep": [2.7680459022521973, 2.7098522186279297, 2.753714084625244, 3.7155678272247314, 5.529035568237305, 7.0978875160217285, 8.173779487609863, 8.738179206848145, 8.84185791015625, 9.216769218444824, 9.959782600402832], "circ_pol": [1.3987707183296104e-08, 5.414990828118619e-08, 2.8109271073620916e-06, 4.423694335482672e-05, 0.00043244786886078326, 0.004627354876460376, 0.009600836208924811, 0.011796527046540259, 0.008625348464752002, 0.004208795392774174, 0.0019736863917141387], "Lz": [0.030921075493097305, 0.0359911173582077, 0.062056005001068115, 0.20865947008132935, 1.5014030933380127, 15.889043807983398, 176.20559692382812, 1481.837890625, 6241.8798828125, 15396.8291015625, 30289.5390625], "alpha_min": [0.19963033497333527, 0.16958822309970856, 0.1520398110151291, 0.14114421606063843, 0.13148804008960724, 0.12480383366346359, 0.1217518150806427, 0.12106070667505264, 0.1218005046248436, 0.12333186715841293, 0.12523114681243896]}