{"t": [0.0025, 1.2524999999999844, 2.5024999999999578, 3.752499999999931, 5.002500000000082, 6.2525000000002775, 7.502500000000473, 8.752500000000401, 10.002500000000152, 11.252499999999904, 12.502499999999655], "central_rho": [0.09664884209632874, 0.09912228584289551, 0.11879979074001312, 0.15763022005558014, 0.22304809093475342, 0.32801276445388794, 0.4920409619808197, 0.7424439191818237, 1.1146838665008545, 1.6502437591552734, 2.389636754989624], "central_lapse": [0.19998334348201752, 0.19204135239124298, 0.1850031465291977, 0.1798953115940094, 0.17596435546875, 0.17230232059955597, 0.16851270198822021, 0.16452454030513763, 0.1604049950838089, 0.1562599539756775, 0.15218760073184967], "K5_max": [0.2659493684768677, 0.10503129661083221, 0.08564957231283188, 0.07923661172389984, 0.07671385258436203, 0.07564135640859604, 0.07549671828746796, 0.10983550548553467, 0.1455613225698471, 0.1678229123353958, 0.2174782007932663], "h_plus": [4.359668949002979e-22, 6.948713772086803e-21, 1.245285604438407e-16, 1.319069907555065e-13, 2.971067281087869e-10, 8.87746267608236e-08, 1.6301259165629745e-05, 0.003010045737028122, 0.2700168788433075, 7.4266862869262695, 43.00140380859375], "h_cross": [7.888609052210118e-30, 2.211965978239717e-27, -5.892369394733208e-23, 5.18542982397242e-20, -2.605066769939546e-16, -6.414868636284154e-13, -6.466365221058368e-10, -3.731547622010112e-07, -9.084492921829224e-05, -0.004849046468734741, -0.03181171417236328], "total_mass": [1.4461236000061035, 1.3827731609344482, 1.5412919521331787, 1.8750394582748413, 2.447744846343994, 3.39886474609375, 5.098688125610352, 8.902887344360352, 20.152034759521484, 63.590946197509766, 301.7012939453125], "binary_sep": [1.6667640209197998, 1.7067878246307373, 1.7080862522125244, 1.6867748498916626, 1.6574896574020386, 1.6336873769760132, 1.6470988988876343, 1.8999160528182983, 3.7123076915740967, 9.574821472167969, 14.231698036193848], "circ_pol": [1.8094513559748893e-08, 3.1832729715789574e-07, 4.731739117208374e-07, 3.9311243140455213e-07, 8.768110040357215e-07, 7.2259636753632395e-06, 3.966631447597255e-05, 0.00012395443146421815, 0.00033632851348893046, 0.0006524959178952749, 0.0007392362802991969], "Lz": [0.0026208804920315742, 0.0036746917758136988, 0.005668673664331436, 0.009137295186519623, 0.014970488846302032, 0.024673251435160637, 0.04166772589087486, 0.08422950655221939, 0.346525102853775, 2.9999489784240723, 30.191518783569336], "alpha_min": [0.19975508749485016, 0.17956139147281647, 0.16968555748462677, 0.16249613463878632, 0.15688036382198334, 0.1521671712398529, 0.1485995352268219, 0.14538291096687317, 0.14242908358573914, 0.13992628455162048, 0.13757799565792084]}