{"t": [0.0025, 1.2524999999999844, 2.5024999999999578, 3.752499999999931, 5.002500000000082, 6.2525000000002775, 7.502500000000473, 8.752500000000401, 10.002500000000152, 11.252499999999904, 12.502499999999655, 13.752499999999406, 15.002499999999158, 16.25249999999909, 17.502499999999728, 18.752500000000367, 20.002500000001007, 21.252500000001646, 22.502500000002286, 23.752500000002925, 25.002500000003565, 26.252500000004204, 27.502500000004844, 28.752500000005483, 30.002500000006123, 31.252500000006762, 32.502500000006684, 33.75250000000555, 35.00250000000441, 36.25250000000327, 37.50250000000214, 38.752500000001, 40.00249999999986, 41.252499999998726, 42.50249999999759, 43.75249999999645, 45.002499999995315, 46.25249999999418, 47.50249999999304, 48.752499999991905, 50.00249999999077, 51.25249999998963, 52.502499999988494, 53.75249999998736, 55.00249999998622, 56.25249999998508, 57.50249999998395, 58.75249999998281, 60.00249999998167, 61.252499999980536, 62.5024999999794, 63.75249999997826, 65.00249999997713, 66.252499999976, 67.50249999997486, 68.75249999997372, 70.00249999997258, 71.25249999997145, 72.50249999997031, 73.75249999996917, 75.00249999996804, 76.2524999999669, 77.50249999996576, 78.75249999996463, 80.00249999996349, 81.25249999996235, 82.50249999996122, 83.75249999996008, 85.00249999995894, 86.2524999999578, 87.50249999995667, 88.75249999995553, 90.0024999999544, 91.25249999995326, 92.50249999995212, 93.75249999995098, 95.00249999994985, 96.25249999994871, 97.50249999994757, 98.75249999994644, 100.0024999999453], "central_rho": [0.0012027252232655883, 0.0009620427154004574, 9.185149247059599e-05, 0.003972603939473629, 0.06338230520486832, 0.3748294413089752, 0.8064093589782715, 0.7201664447784424, 0.8719888925552368, 1.2391623258590698, 1.4774843454360962, 1.681075096130371, 1.588089942932129, 1.3829283714294434, 1.4009333848953247, 1.7377426624298096, 1.9836877584457397, 1.9535638093948364, 1.947199821472168, 2.1486544609069824, 2.4125335216522217, 2.5471842288970947, 2.607271432876587, 2.740217447280884, 2.9471802711486816, 3.1220028400421143, 3.2225911617279053, 3.3094661235809326, 3.4357173442840576, 3.580953598022461, 3.6969716548919678, 3.7747530937194824, 3.845262289047241, 3.931795597076416, 4.02569580078125, 4.105549335479736, 4.165446758270264, 4.218001842498779, 4.27562952041626, 4.33711576461792, 4.392336368560791, 4.435914516448975, 4.4724273681640625, 4.509496688842773, 4.548635005950928, 4.584695816040039, 4.6130690574646, 4.635139465332031, 4.656088352203369, 4.678731441497803, 4.700572490692139, 4.717492580413818, 4.728603839874268, 4.737104892730713, 4.746500015258789, 4.756968021392822, 4.765811920166016, 4.770749568939209, 4.772382736206055, 4.77320671081543, 4.774916648864746, 4.776950836181641, 4.777486324310303, 4.775619983673096, 4.772094249725342, 4.76824951171875, 4.764708518981934, 4.76101541519165, 4.756287574768066, 4.750317573547363, 4.74348258972168, 4.736437797546387, 4.729295253753662, 4.721797943115234, 4.713740825653076, 4.7051615715026855, 4.696292400360107, 4.687236309051514, 4.677953720092773, 4.668281555175781, 4.6583356857299805], "central_lapse": [0.7463850975036621, 0.7198662757873535, 0.6347721815109253, 0.5604924559593201, 0.5031381845474243, 0.4575057923793793, 0.42033958435058594, 0.3894907832145691, 0.36348211765289307, 0.3412640392780304, 0.32206976413726807, 0.30532583594322205, 0.29059576988220215, 0.27754026651382446, 0.2658926546573639, 0.25543954968452454, 0.246008962392807, 0.23746009171009064, 0.2296769618988037, 0.22256308794021606, 0.21603751182556152, 0.21003177762031555, 0.2044876664876938, 0.19935540854930878, 0.19459210336208344, 0.19016064703464508, 0.18602870404720306, 0.1821681261062622, 0.17855410277843475, 0.17516472935676575, 0.171980619430542, 0.16898487508296967, 0.1661621481180191, 0.16349859535694122, 0.16098201274871826, 0.15860135853290558, 0.15634649991989136, 0.1542084962129593, 0.1521793007850647, 0.1502515822649002, 0.14841844141483307, 0.1466735601425171, 0.14501146972179413, 0.14342673122882843, 0.14191460609436035, 0.14047059416770935, 0.13909077644348145, 0.13777117431163788, 0.13650847971439362, 0.1352994292974472, 0.13414117693901062, 0.1330309361219406, 0.13196611404418945, 0.13094419240951538, 0.1299632042646408, 0.1290207803249359, 0.1281149983406067, 0.1272439807653427, 0.12640619277954102, 0.1255999356508255, 0.1248234361410141, 0.12407492846250534, 0.12335357815027237, 0.12265807390213013, 0.12198729068040848, 0.12134002149105072, 0.12071526795625687, 0.12011197954416275, 0.11952915042638779, 0.11896592378616333, 0.1184215098619461, 0.11789511889219284, 0.1173858493566513, 0.11689326167106628, 0.11641644686460495, 0.11595483124256134, 0.11550779640674591, 0.11507467180490494, 0.11465515941381454, 0.1142483577132225, 0.11385419964790344], "K5_max": [0.22656869888305664, 0.1781628578901291, 0.21856488287448883, 0.2320619374513626, 0.264054536819458, 0.27572065591812134, 0.28620779514312744, 0.28809988498687744, 0.2845998704433441, 0.28998610377311707, 0.30110839009284973, 0.33121776580810547, 0.3323667347431183, 0.33923444151878357, 0.3492787182331085, 0.3589383661746979, 0.35731565952301025, 0.35680708289146423, 0.35963764786720276, 0.36038830876350403, 0.35924866795539856, 0.3565450608730316, 0.35688096284866333, 0.3561689853668213, 0.35299623012542725, 0.3487826883792877, 0.3442879915237427, 0.3395127058029175, 0.33614298701286316, 0.3367343544960022, 0.3385362923145294, 0.3351670503616333, 0.33557721972465515, 0.33455702662467957, 0.33254867792129517, 0.3296516537666321, 0.32627198100090027, 0.32750189304351807, 0.3265570402145386, 0.32022517919540405, 0.3193298578262329, 0.3185426890850067, 0.3177170157432556, 0.3167952597141266, 0.3157869577407837, 0.31661924719810486, 0.3152627944946289, 0.31499427556991577, 0.31489962339401245, 0.31477245688438416, 0.31440502405166626, 0.3140529990196228, 0.31375059485435486, 0.31348925828933716, 0.31318601965904236, 0.3127637803554535, 0.31142881512641907, 0.30945926904678345, 0.30875664949417114, 0.30819979310035706, 0.3075973391532898, 0.3068777918815613, 0.3060552775859833, 0.3059256076812744, 0.30626213550567627, 0.30635085701942444, 0.30655696988105774, 0.3061932325363159, 0.3052676320075989, 0.3038719594478607, 0.30384939908981323, 0.3035292625427246, 0.3024205267429352, 0.3019232749938965, 0.3021334409713745, 0.30237483978271484, 0.3026239275932312, 0.3028551936149597, 0.30306172370910645, 0.3032248020172119, 0.3033595085144043],