{"t": [0.003, 1.2029999999999934, 2.40299999999998, 3.6030000000000255, 4.803000000000071, 6.0030000000001165, 7.203000000000162, 8.403000000000207, 9.603000000000252, 10.803000000000297, 12.003000000000343, 13.203000000000388, 14.403000000000434, 15.60300000000048, 16.803000000000523, 18.00300000000057, 19.203000000000614, 20.40300000000066, 21.603000000000705, 22.80300000000075, 24.003000000000796, 25.20300000000084, 26.403000000000887, 27.603000000000932, 28.803000000000978, 30.003000000001023], "central_rho": [0.001673045800998807, 0.0012453191448003054, 0.0003520975005812943, 1.0851205843209755e-05, 2.238265187770594e-05, 6.426644540624693e-05, 0.0001315879781031981, 0.0002223967749159783, 0.00033570293453522027, 0.00047068664571270347, 0.0006262926035560668, 0.0008009694283828139, 0.0009924893965944648, 0.0011978242546319962, 0.001413085963577032, 0.001633545383810997, 0.0018537476425990462, 0.0020677351858466864, 0.002269401680678129, 0.002452948596328497, 0.0026134601794183254, 0.002747494960203767, 0.0028536103200167418, 0.0029327021911740303, 0.002988024614751339, 0.0030248318798840046], "central_lapse": [0.8671032786369324, 0.8626233339309692, 0.6823714971542358, 0.10000000149011612, 0.10000000149011612, 0.10000000149011612, 0.10000000149011612, 0.10000000149011612, 0.10000000149011612, 0.10000000149011612, 0.10000000149011612, 0.10000000149011612, 0.10000000149011612, 0.10000000149011612, 0.10000000149011612, 0.10000000149011612, 0.10000000149011612, 0.10000000149011612, 0.10000000149011612, 0.10000000149011612, 0.10000000149011612, 0.10000000149011612, 0.10000000149011612, 0.10000000149011612, 0.10000000149011612, 0.10000000149011612], "K5_max": [0.2727035880088806, 0.18294401466846466, 0.20030933618545532, 0.1928437054157257, 0.1940005123615265, 0.19486646354198456, 0.19260042905807495, 0.18946298956871033, 0.18261076509952545, 0.18173028528690338, 0.18194963037967682, 0.18137510120868683, 0.17909559607505798, 0.17487072944641113, 0.16790713369846344, 0.15641145408153534, 0.14114350080490112, 0.12314864248037338, 0.10429974645376205, 0.08605881035327911, 0.07499651610851288, 0.07081389427185059, 0.06763444095849991, 0.0649145096540451, 0.06256725639104843, 0.060507096350193024], "h_plus": [0.24150855839252472, 0.5631166100502014, 6.000846862792969, 83.45976257324219, 164.10394287109375, 141.77110290527344, 105.96087646484375, 108.3514404296875, 156.19400024414062, 212.20550537109375, 252.24644470214844, 267.2886962890625, 247.95750427246094, 207.4803009033203, 169.1020965576172, 145.9815673828125, 138.0270538330078, 145.3430938720703, 169.0694580078125, 198.68270874023438, 225.41627502441406, 248.19895935058594, 266.9057312011719, 283.635498046875, 298.92034912109375, 312.6769104003906], "h_cross": [0.0, -1.739040635584388e-05, -0.0029914635233581066, -0.0859835296869278, -0.07785069197416306, -0.04412251338362694, -0.06933070719242096, -0.14200538396835327, -0.2281583994626999, -0.13164635002613068, 0.25560301542282104, 0.6241049766540527, 0.5944713354110718, 0.5120159983634949, 0.6191907525062561, 0.7825358510017395, 0.9833176136016846, 1.2518924474716187, 1.574821949005127, 2.1151490211486816, 2.735593557357788, 3.411029577255249, 4.1494269371032715, 4.964378833770752, 5.878779888153076, 6.902697563171387], "total_mass": [1.0326392650604248, 1.1181007623672485, 2.3527467250823975, 6.55081033706665, 15.385422706604004, 22.03104591369629, 27.546648025512695, 30.814006805419922, 32.904483795166016, 34.70362091064453, 36.616363525390625, 38.881412506103516, 41.44357681274414, 44.248809814453125, 47.47438430786133, 51.197052001953125, 55.479339599609375, 60.31362533569336, 65.55658721923828, 71.32062530517578, 77.6070327758789, 84.37045288085938, 91.62258911132812, 99.3818359375, 107.70600128173828, 116.65864562988281], "binary_sep": [9.877450942993164, 9.930437088012695, 10.137801170349121, 10.461065292358398, 10.676212310791016, 10.753680229187012, 10.984705924987793, 11.475934982299805, 12.105735778808594, 12.583916664123535, 12.84656810760498, 12.921835899353027, 12.838861465454102, 12.659234046936035, 12.45256519317627, 12.265546798706055, 12.118803977966309, 12.017853736877441, 11.957015037536621, 11.914522171020508, 11.8756742477417, 11.837783813476562, 11.800124168395996, 11.762723922729492, 11.725101470947266, 11.68637466430664], "circ_pol": [0.0, 3.088147109168461e-05, 0.0004982585074361134, 0.0010291790270326308, 0.0004741737209994475, 0.0003111267725547205, 0.0006538769379176113, 0.001308884448303506, 0.0014586066414192791, 0.0006199873595320372, 0.0010122809606230136, 0.0023295078611606317, 0.002391738524536773, 0.0024617063071878777, 0.0036482798493911906, 0.005331929496104769, 0.007073699633838853, 0.008539803978990066, 0.009228682903427196, 0.010533723042315554, 0.011990230780763143, 0.013556813033498016, 0.015308422704822673, 0.017201597198961506, 0.019287390706338694, 0.021599305434902537], "Lz": [0.7562568783760071, 0.7739199995994568, 1.1043951511383057, 2.352322816848755, 3.6244921684265137, 4.542719841003418, 5.522047996520996, 6.760995864868164, 8.324068069458008, 10.114541053771973, 12.11330509185791, 14.362953186035156, 16.961429595947266, 19.99244499206543, 23.51641273498535, 27.526573181152344, 32.007568359375, 36.98249816894531, 42.41129684448242, 48.34588623046875, 54.844730377197266, 61.94639205932617, 69.67274475097656, 78.0091552734375, 86.95474243164062, 96.52751922607422]}