{"t": [0.0025, 1.2524999999999844, 2.5024999999999578, 3.752499999999931, 5.002500000000082, 6.2525000000002775, 7.502500000000473, 8.752500000000401, 10.002500000000152, 11.252499999999904, 12.502499999999655, 13.752499999999406, 15.002499999999158, 16.25249999999909, 17.502499999999728, 18.752500000000367, 20.002500000001007, 21.252500000001646, 22.502500000002286, 23.752500000002925, 25.002500000003565, 26.252500000004204, 27.502500000004844, 28.752500000005483, 30.002500000006123, 31.252500000006762, 32.502500000006684, 33.75250000000555, 35.00250000000441, 36.25250000000327, 37.50250000000214, 38.752500000001, 40.00249999999986, 41.252499999998726, 42.50249999999759, 43.75249999999645, 45.002499999995315, 46.25249999999418, 47.50249999999304, 48.752499999991905, 50.00249999999077], "central_rho": [0.0004279031418263912, 0.0003036991402041167, 5.420517118182033e-05, 3.0134571716189384e-05, 9.720515663502738e-05, 0.00010719274723669514, 0.00011775213351938874, 0.00012900387810077518, 0.000141041717142798, 0.0001539473596494645, 0.00016779464203864336, 0.0001826480875024572, 0.0001985599083127454, 0.00021556729916483164, 0.00023369179689325392, 0.0002529401099309325, 0.0002733064175117761, 0.00029477497446350753, 0.00031732337083667517, 0.0003409226192161441, 0.0003655412292573601, 0.0003911479143425822, 0.00041770958341658115, 0.000445194193162024, 0.000473574036732316, 0.0005028173909522593, 0.000532895908690989, 0.0005637931753881276, 0.0005954848020337522, 0.000627957924734801, 0.0006611979333683848, 0.0006951934192329645, 0.0007299358840100467, 0.0007654187502339482, 0.000801637361291796, 0.0008385893888771534, 0.000876275880727917, 0.0009147007949650288, 0.0009538547019474208, 0.0009937535505741835, 0.001034404500387609], "central_lapse": [0.5382492542266846, 0.5626004934310913, 0.4555733799934387, 0.22727727890014648, 0.009999999776482582, 0.009999999776482582, 0.009999999776482582, 0.009999999776482582, 0.009999999776482582, 0.009999999776482582, 0.009999999776482582, 0.009999999776482582, 0.009999999776482582, 0.009999999776482582, 0.009999999776482582, 0.009999999776482582, 0.009999999776482582, 0.009999999776482582, 0.009999999776482582, 0.009999999776482582, 0.009999999776482582, 0.009999999776482582, 0.009999999776482582, 0.009999999776482582, 0.009999999776482582, 0.009999999776482582, 0.009999999776482582, 0.009999999776482582, 0.009999999776482582, 0.009999999776482582, 0.009999999776482582, 0.009999999776482582, 0.009999999776482582, 0.009999999776482582, 0.009999999776482582, 0.009999999776482582, 0.009999999776482582, 0.009999999776482582, 0.009999999776482582, 0.009999999776482582, 0.009999999776482582], "K5_max": [0.23900625109672546, 0.11913037300109863, 0.11129924654960632, 0.11767261475324631, 0.14308978617191315, 0.16446587443351746, 0.1657855361700058, 0.1623820662498474, 0.16292041540145874, 0.15455050766468048, 0.1477014124393463, 0.14754311740398407, 0.14774559438228607, 0.14808590710163116, 0.14831817150115967, 0.148159459233284, 0.1463409960269928, 0.14413736760616302, 0.1423388570547104, 0.1393423229455948, 0.13374148309230804, 0.12480198591947556, 0.11282530426979065, 0.10126347094774246, 0.0914338156580925, 0.08455231785774231, 0.07940192520618439, 0.0757639929652214, 0.07320019602775574, 0.07151512056589127, 0.07045141607522964, 0.06978700309991837, 0.06913328170776367, 0.0677657350897789, 0.06592845171689987, 0.06328510493040085, 0.060958269983530045, 0.05831257626414299, 0.055388882756233215, 0.05447950214147568, 0.05435740202665329], "h_plus": [5.671236431226134e-05, 3.1735347874928266e-05, 0.0028711874037981033, 0.35265082120895386, 19.02890396118164, 51.54895782470703, 44.77083969116211, 30.282791137695312, 11.834394454956055, 7.688572883605957, 7.571507453918457, 7.199975967407227, 6.047026634216309, 3.910658836364746, 0.7414976358413696, -2.736473798751831, -5.3048906326293945, -6.279990196228027, -5.822927474975586, -4.882757186889648, -4.080887317657471, -3.394239902496338, -2.7671761512756348, -2.2626562118530273, -1.9204658269882202, -1.72001051902771, -1.621309757232666, -1.5890547037124634, -1.595531702041626, -1.6187164783477783, -1.6406559944152832, -1.646836280822754, -1.6269152164459229, -1.5765106678009033, -1.4981354475021362, -1.399757742881775, -1.291581153869629, -1.1830050945281982, -1.0810232162475586, -0.9898937344551086, -0.9112882614135742], "h_cross": [2.2737367544323206e-13, -7.986500349943526e-11, -3.1388299248646945e-07, -0.00026530935429036617, -0.03120937943458557, -0.02199685573577881, -0.004999995231628418, -0.005712628364562988, -0.008495569229125977, -0.010553359985351562, -0.013785839080810547, -0.020433902740478516, -0.03512692451477051, -0.061940670013427734, -0.0929570198059082, -0.10248732566833496, -0.07946956157684326, -0.04720604419708252, -0.03040492534637451, -0.030370354652404785, -0.03266477584838867, -0.028860807418823242, -0.02112114429473877, -0.01320493221282959, -0.007830321788787842, -0.004959434270858765, -0.0048649609088897705, -0.007816493511199951, -0.013933271169662476, -0.023155808448791504, -0.03496772050857544, -0.048221930861473083, -0.061414435505867004, -0.07334264367818832, -0.08349025249481201, -0.0919673815369606, -0.09916165471076965, -0.10549571365118027, -0.1112285777926445, -0.11648419499397278, -0.12128322571516037], "total_mass": [1.28035569190979, 1.2195384502410889, 1.5690991878509521, 2.5655407905578613, 5.539369583129883, 13.515049934387207, 18.815275192260742, 22.662389755249023, 25.26279640197754, 26.162189483642578, 26.51555824279785, 26.78656768798828, 27.1130313873291, 27.58485221862793, 28.254600524902344, 29.11310577392578, 30.13516616821289, 31.302913665771484, 32.507476806640625, 33.558616638183594, 34.420654296875, 35.16117858886719, 35.77033996582031, 36.18915939331055, 36.42216491699219, 36.52300262451172, 36.54551315307617, 36.527809143066406, 36.49643325805664, 36.471466064453125, 36.46685028076172, 36.49036407470703, 36.54334259033203, 36.62073516845703, 36.71324920654297, 36.810672760009766, 36.90470886230469, 36.990562438964844, 37.06658172607422, 37.13331985473633, 37.192989349365234], "binary_sep": [7.9589128494262695, 7.972875595092773, 8.095232963562012, 8.605535507202148, 9.230077743530273, 9.425226211547852, 9.433244705200195, 9.436565399169922, 9.470895767211914, 9.560858726501465, 9.735349655151367, 10.058043479919434, 10.596933364868164, 11.33299732208252, 12.075957298278809, 12.583847999572754, 12.785168647766113, 12.755945205688477, 12.635113716125488, 12.566925048828125, 12.57778263092041, 12.630351066589355, 12.690159797668457, 12.737333297729492, 12.768717765808105, 12.788154602050781, 12.799363136291504, 12.804408073425293, 12.8045654296875, 12.801115989685059, 12.795550346374512, 12.789294242858887, 12.783364295959473, 12.778233528137207, 12.773932456970215, 12.770255088806152, 12.766979217529297, 12.763957977294922, 12.761123657226562, 12.758417129516602, 12.755714416503906], "circ_pol": [4.009243439044507e-09, 2.5165882166114136e-06, 0.0001093097168127301, 0.0007517631848307412, 0.0016374183551196317, 0.00042653574811793524, 0.0001116672577588264, 0.00018860714971877674, 0.0007173560855311997, 0.0013707217743229104, 0.0018174431163438308, 0.0028300197783731225, 0.005775409018462705, 0.015591974452491225, 0.11139852738169746, 0.03610029203526594, 0.014759332345996341, 0.007460815565586259, 0.005194464155957058, 0.006181470844307174, 0.007940771164647984, 0.00843118852309155, 0.007574925503206871, 0.0058021695423995856, 0.004060746474940637, 0.0028750844392246375, 0.0029916594167996922, 0.00489488039159939, 0.008657082571894738, 0.014103294534540456, 0.02086848031400916, 0.028448539719210755, 0.036375855529676315, 0.044454039136628896, 0.052787617509612486, 0.061651694425135156, 0.07130121694606421, 0.08187477491787006, 0.0932928583950563, 0.105284272122073, 0.11745746151911662],