{"t": [0.0025, 1.2524999999999844, 2.5024999999999578, 3.752499999999931, 5.002500000000082, 6.2525000000002775, 7.502500000000473, 8.752500000000401, 10.002500000000152, 11.252499999999904, 12.502499999999655, 13.752499999999406, 15.002499999999158, 16.25249999999909, 17.502499999999728, 18.752500000000367, 20.002500000001007, 21.252500000001646, 22.502500000002286, 23.752500000002925, 25.002500000003565, 26.252500000004204, 27.502500000004844, 28.752500000005483, 30.002500000006123, 31.252500000006762, 32.502500000006684, 33.75250000000555, 35.00250000000441, 36.25250000000327, 37.50250000000214, 38.752500000001, 40.00249999999986, 41.252499999998726, 42.50249999999759, 43.75249999999645, 45.002499999995315, 46.25249999999418, 47.50249999999304, 48.752499999991905, 50.00249999999077, 51.25249999998963, 52.502499999988494, 53.75249999998736, 55.00249999998622, 56.25249999998508, 57.50249999998395, 58.75249999998281, 60.00249999998167, 61.252499999980536, 62.5024999999794, 63.75249999997826, 65.00249999997713, 66.252499999976, 67.50249999997486, 68.75249999997372, 70.00249999997258, 71.25249999997145, 72.50249999997031, 73.75249999996917, 75.00249999996804, 76.2524999999669, 77.50249999996576, 78.75249999996463, 80.00249999996349, 81.25249999996235, 82.50249999996122, 83.75249999996008, 85.00249999995894, 86.2524999999578, 87.50249999995667, 88.75249999995553, 90.0024999999544, 91.25249999995326, 92.50249999995212, 93.75249999995098, 95.00249999994985, 96.25249999994871, 97.50249999994757, 98.75249999994644, 100.0024999999453, 101.25249999994416, 102.50249999994303, 103.75249999994189, 105.00249999994075, 106.25249999993962, 107.50249999993848, 108.75249999993734, 110.0024999999362, 111.25249999993507, 112.50249999993393, 113.7524999999328, 115.00249999993166, 116.25249999993052, 117.50249999992938, 118.75249999992825, 120.00249999992711, 121.25249999992597, 122.50249999992484, 123.7524999999237], "central_rho": [0.011697922833263874, 0.010571649298071861, 0.009212515316903591, 0.008780600503087044, 0.008390271104872227, 0.008029406890273094, 0.007695147302001715, 0.007389219012111425, 0.007116444408893585, 0.006884199101477861, 0.0067024133168160915, 0.006583869457244873, 0.006544973701238632, 0.006606902461498976, 0.00679751904681325, 0.007154123857617378, 0.00772736594080925, 0.008586851879954338, 0.009828527458012104, 0.011584123596549034, 0.014033050276339054, 0.017415495589375496, 0.022046230733394623, 0.028326446190476418, 0.03674991801381111, 0.047899968922138214, 0.06243003532290459, 0.08102200925350189, 0.10431814938783646, 0.13281241059303284, 0.16669617593288422, 0.2056504189968109, 0.24859680235385895, 0.2934771180152893, 0.3372083008289337, 0.37598925828933716, 0.40602436661720276, 0.4244665205478668, 0.4301632046699524, 0.42385798692703247, 0.4078082740306854, 0.38506704568862915, 0.3587535619735718, 0.33154433965682983, 0.30544227361679077, 0.2817612290382385, 0.2612365484237671, 0.24418671429157257, 0.2306755632162094, 0.22065746784210205, 0.2141066938638687, 0.21112506091594696, 0.21202006936073303, 0.21732428669929504, 0.2277541160583496, 0.24409449100494385, 0.26702451705932617, 0.2968800365924835, 0.3333572745323181, 0.3752027750015259, 0.41999414563179016, 0.464168518781662, 0.5034366250038147, 0.5335797071456909, 0.5514205098152161, 0.5556033253669739, 0.5468769073486328, 0.5277500748634338, 0.501787006855011, 0.4727938771247864, 0.44420289993286133, 0.418740838766098, 0.39833950996398926, 0.3841983377933502, 0.37688374519348145, 0.37640199065208435, 0.38221678137779236, 0.39322134852409363, 0.40771928429603577, 0.4234924614429474, 0.4380296766757965, 0.4489269256591797, 0.4543766379356384, 0.45358002185821533, 0.44692954421043396, 0.43587419390678406, 0.4225419759750366, 0.40926268696784973, 0.39815157651901245, 0.3908233642578125, 0.388264000415802, 0.39081501960754395, 0.39821311831474304, 0.4096446931362152, 0.4238228499889374, 0.4390912652015686, 0.4536505937576294, 0.4658467769622803, 0.4745086431503296, 0.4791977107524872], "central_lapse": [0.7104573249816895, 0.5777513980865479, 0.10000000149011612, 0.10000000149011612, 0.10000000149011612, 0.10000000149011612, 0.10000000149011612, 0.10000000149011612, 0.10000000149011612, 0.10000000149011612, 0.10000000149011612, 0.10000000149011612, 0.10000000149011612, 0.10000000149011612, 0.10000000149011612, 0.10000000149011612, 0.10000000149011612, 0.10000000149011612, 0.10000000149011612, 0.10000000149011612, 0.10000000149011612, 0.10000000149011612, 0.10000000149011612, 0.10000000149011612, 0.10000000149011612, 0.10000000149011612, 0.10000000149011612, 0.10000000149011612, 0.10000000149011612, 0.10000000149011612, 0.10000000149011612, 0.10000000149011612, 0.10000000149011612, 0.10000000149011612, 0.10000000149011612, 0.10000000149011612, 0.10000000149011612, 0.10000000149011612, 0.10000000149011612, 0.10000000149011612, 0.10000000149011612, 0.10000000149011612, 0.10000000149011612, 0.10000000149011612, 0.10000000149011612, 0.10000000149011612, 0.10000000149011612, 0.10000000149011612, 0.10000000149011612, 0.10000000149011612, 0.10000000149011612, 0.10000000149011612, 0.10000000149011612, 0.10000000149011612, 0.10000000149011612, 0.10000000149011612, 0.10000000149011612, 0.10000000149011612, 0.10000000149011612, 0.10000000149011612, 0.10000000149011612, 0.10000000149011612, 0.10000000149011612, 0.10000000149011612, 0.10000000149011612, 0.10000000149011612, 0.10000000149011612, 0.10000000149011612, 0.10000000149011612, 0.10000000149011612, 0.10000000149011612, 0.10000000149011612, 0.10000000149011612, 0.10000000149011612, 0.10000000149011612, 0.10000000149011612, 0.10000000149011612, 0.10000000149011612, 0.10000000149011612, 0.10000000149011612, 0.10000000149011612, 0.10000000149011612, 0.10000000149011612, 0.10000000149011612, 0.10000000149011612, 0.10000000149011612, 0.10000000149011612, 0.10000000149011612, 0.10000000149011612, 0.10000000149011612, 0.10000000149011612, 0.10000000149011612, 0.10000000149011612, 0.10000000149011612, 0.10000000149011612, 0.10000000149011612, 0.10000000149011612, 0.10000000149011612, 0.10000000149011612, 0.10000000149011612],