{"t": [0.0025, 1.2524999999999844, 2.5024999999999578, 3.752499999999931, 5.002500000000082, 6.2525000000002775, 7.502500000000473, 8.752500000000401, 10.002500000000152, 11.252499999999904, 12.502499999999655, 13.752499999999406, 15.002499999999158, 16.25249999999909, 17.502499999999728, 18.752500000000367, 20.002500000001007, 21.252500000001646, 22.502500000002286, 23.752500000002925, 25.002500000003565], "central_rho": [0.011697922833263874, 0.010571649298071861, 0.009212515316903591, 0.008780600503087044, 0.008390271104872227, 0.008029406890273094, 0.007695147302001715, 0.007389219012111425, 0.007116444408893585, 0.006884199101477861, 0.0067024133168160915, 0.006583869457244873, 0.006544973701238632, 0.006606902461498976, 0.00679751904681325, 0.007154123857617378, 0.00772736594080925, 0.008586851879954338, 0.009828527458012104, 0.011584123596549034, 0.014033050276339054], "central_lapse": [0.7104573249816895, 0.5777513980865479, 0.10000000149011612, 0.10000000149011612, 0.10000000149011612, 0.10000000149011612, 0.10000000149011612, 0.10000000149011612, 0.10000000149011612, 0.10000000149011612, 0.10000000149011612, 0.10000000149011612, 0.10000000149011612, 0.10000000149011612, 0.10000000149011612, 0.10000000149011612, 0.10000000149011612, 0.10000000149011612, 0.10000000149011612, 0.10000000149011612, 0.10000000149011612], "K5_max": [0.2511609196662903, 0.16495893895626068, 0.12349124252796173, 0.09576138854026794, 0.19103626906871796, 0.18859046697616577, 0.1874055564403534, 0.17942023277282715, 0.174814835190773, 0.172764852643013, 0.17159171402454376, 0.16967198252677917, 0.1659989356994629, 0.16041836142539978, 0.1520572155714035, 0.13610625267028809, 0.10876655578613281, 0.08573741465806961, 0.07977642118930817, 0.0751204863190651, 0.07154739648103714], "h_plus": [0.0003166069509461522, 0.00039484235458076, 0.029967639595270157, 3.478440999984741, 60.61119842529297, 60.685401916503906, 44.65674591064453, 19.010940551757812, 2.398686170578003, -9.76624584197998, -22.740047454833984, -40.20263671875, -59.4184455871582, -71.86000061035156, -73.67196655273438, -69.23007202148438, -63.6326904296875, -62.090362548828125, -65.03819274902344, -70.43502807617188, -77.259765625], "h_cross": [-1.1368683772161603e-12, -2.79751475318335e-08, -2.853886689990759e-05, -0.00904751569032669, -0.08798027038574219, -0.03377652168273926, -0.03514266014099121, -0.05264902114868164, -0.08008480072021484, -0.08753299713134766, -0.08783578872680664, -0.07660245895385742, -0.0321192741394043, 0.037795186042785645, 0.08507657051086426, 0.07402974367141724, 0.04324913024902344, 0.023556947708129883, 0.017603516578674316, 0.019918084144592285, 0.025758087635040283], "total_mass": [1.3621323108673096, 1.824793815612793, 3.2630677223205566, 5.431575298309326, 15.192255020141602, 24.754777908325195, 30.49615478515625, 34.383968353271484, 36.66509246826172, 38.666053771972656, 40.93903350830078, 43.971839904785156, 48.379432678222656, 54.62949752807617, 63.29138946533203, 74.99633026123047, 90.18986511230469, 109.22634887695312, 132.29800415039062, 159.6681671142578, 191.66064453125], "binary_sep": [6.802814960479736, 6.896646022796631, 7.111118316650391, 7.438543796539307, 7.671245098114014, 7.816887378692627, 7.960998058319092, 8.102584838867188, 8.240187644958496, 8.372087478637695, 8.495427131652832, 8.60755729675293, 8.708717346191406, 8.799845695495605, 8.882892608642578, 8.960999488830566, 9.034957885742188, 9.102726936340332, 9.16311264038086, 9.21675968170166, 9.264728546142578], "circ_pol": [3.5907877882544128e-09, 7.084641571090704e-05, 0.0009514167591681595, 0.0025942782749423265, 0.0014494474600198449, 0.0005562743527092423, 0.0007863319556373254, 0.002761758007185979, 0.03230826956081048, 0.008883190759662096, 0.003847741281556758, 0.0019017851508044347, 0.00054026861164971, 0.0005256793427967796, 0.0011534704606949132, 0.0010681870450074482, 0.0006792067859213, 0.0003792539240651771, 0.000270591055511868, 0.00028270668320815615, 0.00033328476534382617], "Lz": [0.913397490978241, 1.2670764923095703, 2.14509916305542, 2.9929330348968506, 3.8823628425598145, 4.765463352203369, 5.841485023498535, 7.176275253295898, 8.838765144348145, 10.914983749389648, 13.513944625854492, 16.777875900268555, 20.890907287597656, 26.06451416015625, 32.533775329589844, 40.551353454589844, 50.2561149597168, 62.02113342285156, 76.33855438232422, 93.63333129882812, 114.3228759765625]}