{"t": [0.0025, 1.2524999999999844, 2.5024999999999578, 3.752499999999931, 5.002500000000082, 6.2525000000002775, 7.502500000000473, 8.752500000000401, 10.002500000000152, 11.252499999999904, 12.502499999999655], "central_rho": [0.0015840785345062613, 0.0016025821678340435, 0.0009746145806275308, 0.0006958165904507041, 0.0005450925673358142, 0.00041091666207648814, 0.00028976454632356763, 0.00018333971092943102, 9.643557132221758e-05, 3.5888351703761145e-05, 9.586687156115659e-06], "central_lapse": [0.9577983617782593, 0.8440383672714233, 0.3759270906448364, 0.10000000149011612, 0.10000000149011612, 0.10000000149011612, 0.10000000149011612, 0.10000000149011612, 0.10000000149011612, 0.10000000149011612, 0.10000000149011612], "K5_max": [0.2418939173221588, 0.23055057227611542, 0.1998027116060257, 0.17180998623371124, 0.148878812789917, 0.21062897145748138, 0.2088787853717804, 0.20034648478031158, 0.19856299459934235, 0.1968468278646469, 0.19589856266975403], "h_plus": [4.126576641283464e-06, 1.7260699678445235e-06, 0.0003122338093817234, 0.04461105540394783, 5.4707841873168945, 79.09607696533203, 83.09148406982422, 64.31834411621094, 32.59910202026367, 11.069480895996094, -8.393104553222656], "h_cross": [1.2434497875801753e-14, -1.0037304321031115e-11, -4.4516127672977746e-08, -2.322730142623186e-05, -0.007050871849060059, -0.07218003273010254, -0.062242984771728516, -0.09289312362670898, -0.1365523338317871, -0.16789913177490234, -0.19523358345031738], "total_mass": [0.3770698308944702, 1.1302989721298218, 3.6119046211242676, 6.6415815353393555, 10.875505447387695, 31.265817642211914, 47.86482620239258, 58.456512451171875, 65.35594940185547, 69.50371551513672, 73.93872833251953], "binary_sep": [5.784633636474609, 5.9540228843688965, 6.201817989349365, 6.566617012023926, 6.941277027130127, 7.161701679229736, 7.232378005981445, 7.2897868156433105, 7.345389366149902, 7.408419609069824, 7.492931365966797], "circ_pol": [3.013271997406985e-09, 5.815086375538874e-06, 0.0001425527295253742, 0.0005203915021902043, 0.0012871639567281188, 0.0009117294666708319, 0.0007485291035825954, 0.0014421881585788823, 0.004171364114330082, 0.014941127857202688, 0.02273240530861873], "Lz": [0.034337520599365234, 0.09097406268119812, 0.42130863666534424, 0.9196112155914307, 1.5576317310333252, 2.2987172603607178, 3.0994439125061035, 4.091208457946777, 5.339673042297363, 6.937953948974609, 9.068313598632812]}