{"t": [0.003, 1.2029999999999934, 2.40299999999998, 3.6030000000000255, 4.803000000000071, 6.0030000000001165, 7.203000000000162, 8.403000000000207, 9.603000000000252, 10.803000000000297, 12.003000000000343, 13.203000000000388, 14.403000000000434], "central_rho": [0.001673045800998807, 0.0012453191448003054, 0.0003520975005812943, 1.0851205843209755e-05, 2.238265187770594e-05, 6.426644540624693e-05, 0.0001315879781031981, 0.0002223967749159783, 0.00033570293453522027, 0.00047068664571270347, 0.0006262926035560668, 0.0008009694283828139, 0.0009924893965944648], "central_lapse": [0.8671032786369324, 0.8626233339309692, 0.6823714971542358, 0.10000000149011612, 0.10000000149011612, 0.10000000149011612, 0.10000000149011612, 0.10000000149011612, 0.10000000149011612, 0.10000000149011612, 0.10000000149011612, 0.10000000149011612, 0.10000000149011612], "K5_max": [0.2727035880088806, 0.18294401466846466, 0.20030933618545532, 0.1928437054157257, 0.1940005123615265, 0.19486646354198456, 0.19260042905807495, 0.18946298956871033, 0.18261076509952545, 0.18173028528690338, 0.18194963037967682, 0.18137510120868683, 0.17909559607505798], "h_plus": [0.24150855839252472, 0.5631166100502014, 6.000846862792969, 83.45976257324219, 164.10394287109375, 141.77110290527344, 105.96087646484375, 108.3514404296875, 156.19400024414062, 212.20550537109375, 252.24644470214844, 267.2886962890625, 247.95750427246094], "h_cross": [0.0, -1.739040635584388e-05, -0.0029914635233581066, -0.0859835296869278, -0.07785069197416306, -0.04412251338362694, -0.06933070719242096, -0.14200538396835327, -0.2281583994626999, -0.13164635002613068, 0.25560301542282104, 0.6241049766540527, 0.5944713354110718], "total_mass": [1.0326392650604248, 1.1181007623672485, 2.3527467250823975, 6.55081033706665, 15.385422706604004, 22.03104591369629, 27.546648025512695, 30.814006805419922, 32.904483795166016, 34.70362091064453, 36.616363525390625, 38.881412506103516, 41.44357681274414], "binary_sep": [9.877450942993164, 9.930437088012695, 10.137801170349121, 10.461065292358398, 10.676212310791016, 10.753680229187012, 10.984705924987793, 11.475934982299805, 12.105735778808594, 12.583916664123535, 12.84656810760498, 12.921835899353027, 12.838861465454102], "circ_pol": [0.0, 3.088147109168461e-05, 0.0004982585074361134, 0.0010291790270326308, 0.0004741737209994475, 0.0003111267725547205, 0.0006538769379176113, 0.001308884448303506, 0.0014586066414192791, 0.0006199873595320372, 0.0010122809606230136, 0.0023295078611606317, 0.002391738524536773], "Lz": [0.7562568783760071, 0.7739199995994568, 1.1043951511383057, 2.352322816848755, 3.6244921684265137, 4.542719841003418, 5.522047996520996, 6.760995864868164, 8.324068069458008, 10.114541053771973, 12.11330509185791, 14.362953186035156, 16.961429595947266]}