{"t": [0.003, 1.2029999999999934, 2.40299999999998, 3.6030000000000255, 4.803000000000071, 6.0030000000001165, 7.203000000000162, 8.403000000000207, 9.603000000000252, 10.803000000000297, 12.003000000000343, 13.203000000000388, 14.403000000000434, 15.60300000000048, 16.803000000000523, 18.00300000000057, 19.203000000000614, 20.40300000000066, 21.603000000000705, 22.80300000000075, 24.003000000000796, 25.20300000000084, 26.403000000000887, 27.603000000000932, 28.803000000000978, 30.003000000001023, 31.20300000000107, 32.403000000001114, 33.60300000000116, 34.803000000001205, 36.00300000000125, 37.203000000001296, 38.40300000000134, 39.60300000000139, 40.80300000000143, 42.00300000000148, 43.20300000000152, 44.40300000000157, 45.603000000001614, 46.80300000000166, 48.003000000001705, 49.20300000000175, 50.403000000001796, 51.60300000000184, 52.80300000000189, 54.00300000000193, 55.20300000000198, 56.403000000002024, 57.60300000000207, 58.803000000002115, 60.00300000000216, 61.203000000002206, 62.40300000000225, 63.6030000000023, 64.80300000000234, 66.00300000000239, 67.20300000000243, 68.40300000000248, 69.60300000000252, 70.80300000000257, 72.00300000000261, 73.20300000000266, 74.4030000000027], "central_rho": [0.001673045800998807, 0.0012453191448003054, 0.0003520975005812943, 1.0851205843209755e-05, 2.238265187770594e-05, 6.426644540624693e-05, 0.0001315879781031981, 0.0002223967749159783, 0.00033570293453522027, 0.00047068664571270347, 0.0006262926035560668, 0.0008009694283828139, 0.0009924893965944648, 0.0011978242546319962, 0.001413085963577032, 0.001633545383810997, 0.0018537476425990462, 0.0020677351858466864, 0.002269401680678129, 0.002452948596328497, 0.0026134601794183254, 0.002747494960203767, 0.0028536103200167418, 0.0029327021911740303, 0.002988024614751339, 0.0030248318798840046, 0.003049782942980528, 0.003070190316066146, 0.003093388397246599, 0.0031263441778719425, 0.0031756118405610323, 0.0032474969048053026, 0.0033482396975159645, 0.003484349697828293, 0.003662609728053212, 0.0038900263607501984, 0.004173570778220892, 0.00451977364718914, 0.00493422569707036, 0.00542100565508008, 0.00598205765709281, 0.006616660859435797, 0.00732097402215004, 0.008087588474154472, 0.008905661292374134, 0.00976107083261013, 0.010637062601745129, 0.011515257880091667, 0.012376830913126469, 0.013203767128288746, 0.013979957439005375, 0.014691946096718311, 0.015329165384173393, 0.01588381640613079, 0.016350548714399338, 0.016726208850741386, 0.01700994372367859, 0.017203740775585175, 0.017313212156295776, 0.017348095774650574, 0.017322665080428123, 0.017254875972867012, 0.01716538332402706], "central_lapse": [0.8671032786369324, 0.8626233339309692, 0.6823714971542358, 0.10000000149011612, 0.10000000149011612, 0.10000000149011612, 0.10000000149011612, 0.10000000149011612, 0.10000000149011612, 0.10000000149011612, 0.10000000149011612, 0.10000000149011612, 0.10000000149011612, 0.10000000149011612, 0.10000000149011612, 0.10000000149011612, 0.10000000149011612, 0.10000000149011612, 0.10000000149011612, 0.10000000149011612, 0.10000000149011612, 0.10000000149011612, 0.10000000149011612, 0.10000000149011612, 0.10000000149011612, 0.10000000149011612, 0.10000000149011612, 0.10000000149011612, 0.10000000149011612, 0.10000000149011612, 0.10000000149011612, 0.10000000149011612, 0.10000000149011612, 0.10000000149011612, 0.10000000149011612, 0.10000000149011612, 0.10000000149011612, 0.10000000149011612, 0.10000000149011612, 0.10000000149011612, 0.10000000149011612, 0.10000000149011612, 0.10000000149011612, 0.10000000149011612, 0.10000000149011612, 0.10000000149011612, 0.10000000149011612, 0.10000000149011612, 0.10000000149011612, 0.10000000149011612, 0.10000000149011612, 0.10000000149011612, 0.10000000149011612, 0.10000000149011612, 0.10000000149011612, 0.10000000149011612, 0.10000000149011612, 0.10000000149011612, 0.10000000149011612, 0.10000000149011612, 0.10000000149011612, 0.10000000149011612, 0.10000000149011612], "K5_max": [0.2727035880088806, 0.18294401466846466, 0.20030933618545532, 0.1928437054157257, 0.1940005123615265, 0.19486646354198456, 0.19260042905807495, 0.18946298956871033, 0.18261076509952545, 0.18173028528690338, 0.18194963037967682, 0.18137510120868683, 0.17909559607505798, 0.17487072944641113, 0.16790713369846344, 0.15641145408153534, 0.14114350080490112, 0.12314864248037338, 0.10429974645376205, 0.08605881035327911, 0.07499651610851288, 0.07081389427185059, 0.06763444095849991, 0.0649145096540451, 0.06256725639104843, 0.060507096350193024, 0.05867736041545868, 0.057039763778448105, 0.056490208953619, 0.056488461792469025, 0.05645998939871788, 0.05640525743365288, 0.056326378136873245, 0.056226618587970734, 0.056110020726919174, 0.05598106235265732, 0.055885691195726395, 0.05584336072206497, 0.05578067898750305, 0.055700160562992096, 0.05560455098748207, 0.0554967038333416, 0.05537960305809975, 0.055256251245737076, 0.05512963980436325, 0.055002640932798386, 0.054923754185438156, 0.05508800595998764, 0.05523360148072243, 0.055359479039907455, 0.055464405566453934, 0.05554720014333725, 0.0556066520512104, 0.05570197105407715, 0.055851370096206665, 0.05625161901116371, 0.056585364043712616, 0.056853726506233215, 0.05705970153212547, 0.057207126170396805, 0.05730107054114342, 0.057507120072841644, 0.05786381661891937], "h_plus": [0.24150855839252472, 0.5631166100502014, 6.000846862792969, 83.45976257324219, 164.10394287109375, 141.77110290527344, 105.96087646484375, 108.3514404296875, 156.19400024414062, 212.20550537109375, 252.24644470214844, 267.2886962890625, 247.95750427246094, 207.4803009033203, 169.1020965576172, 145.9815673828125, 138.0270538330078, 145.3430938720703, 169.0694580078125, 198.68270874023438, 225.41627502441406, 248.19895935058594, 266.9057312011719, 283.635498046875, 298.92034912109375, 312.6769104003906, 324.6822814941406, 334.62493896484375, 342.1365661621094, 346.809814453125, 348.2138671875, 345.9100646972656, 339.466552734375, 328.4761962890625, 312.57586669921875, 291.46630859375, 264.93194580078125, 232.86244201660156, 195.26914978027344, 152.30355834960938, 104.27156066894531, 51.650272369384766, -4.894032955169678, -64.4833755493164, -126.00775146484375, -188.1120147705078, -249.20640563964844, -307.5117492675781, -361.1549072265625, -408.3012390136719, -447.321044921875, -476.95574951171875, -496.46063232421875, -505.69451904296875, -505.14935302734375, -495.9063720703125, -479.5278015136719, -457.8909912109375, -432.9941711425781, -406.7588195800781, -380.8550720214844, -356.5807189941406, -334.80548095703125], "h_cross": [0.0, -1.739040635584388e-05, -0.0029914635233581066, -0.0859835296869278, -0.07785069197416306, -0.04412251338362694, -0.06933070719242096, -0.14200538396835327, -0.2281583994626999, -0.13164635002613068, 0.25560301542282104, 0.6241049766540527, 0.5944713354110718, 0.5120159983634949, 0.6191907525062561, 0.7825358510017395, 0.9833176136016846, 1.2518924474716187, 1.574821949005127, 2.1151490211486816, 2.735593557357788, 3.411029577255249, 4.1494269371032715, 4.964378833770752, 5.878779888153076, 6.902697563171387, 8.043425559997559, 9.30679988861084, 10.696124076843262, 12.211423873901367, 13.848832130432129, 15.600611686706543, 17.452861785888672, 19.38791275024414, 21.381319046020508, 23.40284538269043, 25.417678833007812, 27.38614845275879, 29.26483154296875, 31.007749557495117, 32.568267822265625, 33.89921951293945, 34.9539909362793, 35.69053649902344, 36.06757354736328, 36.05219268798828, 35.62054443359375, 34.76314163208008, 33.48758316040039, 31.82192611694336, 29.814388275146484, 27.53022003173828, 25.048532485961914, 22.45742416381836, 19.847497940063477, 17.30312728881836, 14.901240348815918, 12.702625274658203, 10.749190330505371, 9.06131649017334, 7.6425371170043945, 6.478847980499268, 5.545004367828369],