{"t": [0.003, 1.5029999999999826, 3.003000000000003, 4.50300000000006, 6.0030000000001165, 7.503000000000173, 9.00300000000023, 10.503000000000286, 12.003000000000343, 13.5030000000004, 15.003000000000457], "central_rho": [0.02223718911409378, 0.014240037649869919, 0.00833505392074585, 0.0036005082074552774, 0.0007708474295213819, 2.1649108020938e-05, 0.0013865989167243242, 0.004881554748862982, 0.010288532823324203, 0.016676073893904686, 0.02207302674651146], "central_lapse": [0.884554922580719, 0.10000000149011612, 0.10000000149011612, 0.10000000149011612, 0.10000000149011612, 0.10000000149011612, 0.10000000149011612, 0.10000000149011612, 0.10000000149011612, 0.10000000149011612, 0.10000000149011612], "K5_max": [0.20508435368537903, 0.09625227749347687, 0.1896984875202179, 0.1587136834859848, 0.12636590003967285, 0.1063714548945427, 0.09104418009519577, 0.07795269787311554, 0.06650327146053314, 0.05877625197172165, 0.053970761597156525], "h_plus": [0.5720090270042419, 8.817309379577637, 23.569787979125977, 2.219043731689453, -9.4989652633667, -19.34685707092285, -30.68524742126465, -43.36827087402344, -53.6762580871582, -59.792945861816406, -61.4588623046875], "h_cross": [3.6834535421803594e-08, 0.01835738681256771, -0.0969470739364624, -0.2599845230579376, -0.144625723361969, -0.007639610208570957, 0.13363713026046753, 0.24505600333213806, 0.3194105923175812, 0.41022011637687683, 0.5816868543624878], "total_mass": [0.8788955211639404, 5.861883640289307, 22.14024543762207, 36.66944885253906, 39.613643646240234, 40.67075729370117, 41.53318786621094, 42.52770233154297, 43.816715240478516, 45.53565979003906, 47.653724670410156]}